2026-05-10 18:06:54,159 [Worker-5: Loading available Gradle versions] INFO  o.e.b.c.i.u.g.PublishedGradleVersions - Gradle version information cache is up-to-date. Trying to read.
2026-05-10 18:07:33,409 [Worker-2: Importing Maven projects] INFO  o.e.m.c.i.l.LifecycleMappingFactory - Using org.eclipse.m2e.jdt.JarLifecycleMapping lifecycle mapping for MavenProject: sequro.cms:SequroCMSAccountManagementService:0.0.1 @ C:\MULTI-CURRENCY1\MultiCurrencyCodeBackup\SequroCMSAccountManagementService_app\SequroCMSAccountManagementService\pom.xml.
2026-05-10 18:07:34,587 [Worker-2: Importing Maven projects] WARN  o.e.m.c.i.embedder.EclipseLogger - The artifact mysql:mysql-connector-java:jar:8.0.31 has been relocated to com.mysql:mysql-connector-j:jar:8.0.31: MySQL Connector/J artifacts moved to reverse-DNS compliant Maven 2+ coordinates.
2026-05-10 18:07:34,590 [Worker-2: Importing Maven projects] WARN  o.e.m.c.i.embedder.EclipseLogger - The artifact com.lowagie:itext:jar:4.2.2 has been relocated to com.itextpdf:itextpdf:jar:5.5.6: After release 2.1.7, iText moved from the MPLicense to the AGPLicense.
			The groupId changed from com.lowagie to com.itextpdf and the artifactId from itext to itextpdf.
			See http://itextpdf.com/functionalitycomparison for more information.
2026-05-10 18:07:37,349 [Worker-2: Importing Maven projects] INFO  o.e.m.j.i.AbstractJavaProjectConfigurator - Adding source folder /SequroCMSAccountManagementService/src/main/java
2026-05-10 18:07:37,350 [Worker-2: Importing Maven projects] INFO  o.e.m.j.i.AbstractJavaProjectConfigurator - Adding resource folder /SequroCMSAccountManagementService/src/main/resources
2026-05-10 18:07:37,372 [Worker-2: Importing Maven projects] INFO  o.e.m.j.i.AbstractJavaProjectConfigurator - Adding resource folder /SequroCMSAccountManagementService/src/main/resources
2026-05-10 18:07:37,399 [Worker-2: Importing Maven projects] INFO  o.e.m.j.i.AbstractJavaProjectConfigurator - Adding source folder /SequroCMSAccountManagementService/src/test/java
2026-05-10 18:07:37,401 [Worker-2: Importing Maven projects] INFO  o.e.m.j.i.AbstractJavaProjectConfigurator - Adding resource folder /SequroCMSAccountManagementService/src/test/resources
2026-05-10 18:07:37,986 [Worker-2: Importing Maven projects] INFO  o.e.m.c.i.p.ProjectConfigurationManager - Imported and configured 1 project(s) in 7 sec
2026-05-10 18:07:38,514 [Worker-4: Updating Maven Project] INFO  o.e.m.c.i.p.ProjectConfigurationManager - Update started
2026-05-10 18:07:39,487 [Worker-4: Updating Maven Project] INFO  o.e.m.c.i.l.LifecycleMappingFactory - Using org.eclipse.m2e.jdt.JarLifecycleMapping lifecycle mapping for MavenProject: sequro.cms:SequroCMSAccountManagementService:0.0.1 @ C:\MULTI-CURRENCY1\MultiCurrencyCodeBackup\SequroCMSAccountManagementService_app\SequroCMSAccountManagementService\pom.xml.
2026-05-10 18:07:40,125 [Worker-4: Updating Maven Project] WARN  o.e.m.c.i.embedder.EclipseLogger - The artifact mysql:mysql-connector-java:jar:8.0.31 has been relocated to com.mysql:mysql-connector-j:jar:8.0.31: MySQL Connector/J artifacts moved to reverse-DNS compliant Maven 2+ coordinates.
2026-05-10 18:07:40,128 [Worker-4: Updating Maven Project] WARN  o.e.m.c.i.embedder.EclipseLogger - The artifact com.lowagie:itext:jar:4.2.2 has been relocated to com.itextpdf:itextpdf:jar:5.5.6: After release 2.1.7, iText moved from the MPLicense to the AGPLicense.
			The groupId changed from com.lowagie to com.itextpdf and the artifactId from itext to itextpdf.
			See http://itextpdf.com/functionalitycomparison for more information.
2026-05-10 18:07:40,913 [Worker-4: Updating Maven Project] INFO  o.e.m.j.i.AbstractJavaProjectConfigurator - Adding source folder /SequroCMSAccountManagementService/src/main/java
2026-05-10 18:07:40,913 [Worker-4: Updating Maven Project] INFO  o.e.m.j.i.AbstractJavaProjectConfigurator - Adding resource folder /SequroCMSAccountManagementService/src/main/resources
2026-05-10 18:07:40,914 [Worker-4: Updating Maven Project] INFO  o.e.m.j.i.AbstractJavaProjectConfigurator - Adding resource folder /SequroCMSAccountManagementService/src/main/resources
2026-05-10 18:07:40,915 [Worker-4: Updating Maven Project] INFO  o.e.m.j.i.AbstractJavaProjectConfigurator - Adding source folder /SequroCMSAccountManagementService/src/test/java
2026-05-10 18:07:40,915 [Worker-4: Updating Maven Project] INFO  o.e.m.j.i.AbstractJavaProjectConfigurator - Adding resource folder /SequroCMSAccountManagementService/src/test/resources
2026-05-10 18:07:53,756 [Worker-4: Updating Maven Project] INFO  o.e.m.c.i.p.ProjectConfigurationManager - Update completed for 1 poms: local refresh takes 0.00 sec, refresh facades takes 1.00 sec, update config takes 0.00 sec 
2026-05-10 18:08:01,488 [Worker-20: Building] INFO  o.e.m.c.i.embedder.EclipseLogger - Using 'UTF-8' encoding to copy filtered resources.
2026-05-10 18:08:01,488 [Worker-20: Building] INFO  o.e.m.c.i.embedder.EclipseLogger - Using 'UTF-8' encoding to copy filtered properties files.
2026-05-10 18:08:01,513 [Worker-20: Building] INFO  o.e.m.c.i.embedder.EclipseLogger - Copying 1 resource
2026-05-10 18:08:01,551 [Worker-20: Building] INFO  o.e.m.c.i.embedder.EclipseLogger - Copying 1 resource
2026-05-10 18:08:01,567 [Worker-20: Building] INFO  o.e.m.c.i.embedder.EclipseLogger - Using 'UTF-8' encoding to copy filtered resources.
2026-05-10 18:08:01,567 [Worker-20: Building] INFO  o.e.m.c.i.embedder.EclipseLogger - Using 'UTF-8' encoding to copy filtered properties files.
2026-05-10 18:08:01,567 [Worker-20: Building] INFO  o.e.m.c.i.embedder.EclipseLogger - skip non existing resourceDirectory C:\MULTI-CURRENCY1\MultiCurrencyCodeBackup\SequroCMSAccountManagementService_app\SequroCMSAccountManagementService\src\test\resources
2026-05-10 18:09:42,062 [Worker-2: Building] INFO  o.e.m.c.i.embedder.EclipseLogger - Using 'UTF-8' encoding to copy filtered resources.
2026-05-10 18:09:42,063 [Worker-2: Building] INFO  o.e.m.c.i.embedder.EclipseLogger - Using 'UTF-8' encoding to copy filtered properties files.
2026-05-10 18:09:42,065 [Worker-2: Building] INFO  o.e.m.c.i.embedder.EclipseLogger - Copying 1 resource
2026-05-10 18:09:42,103 [Worker-2: Building] INFO  o.e.m.c.i.embedder.EclipseLogger - Copying 0 resource
2026-05-10 18:09:42,108 [Worker-2: Building] INFO  o.e.m.c.i.embedder.EclipseLogger - Using 'UTF-8' encoding to copy filtered resources.
2026-05-10 18:09:42,109 [Worker-2: Building] INFO  o.e.m.c.i.embedder.EclipseLogger - Using 'UTF-8' encoding to copy filtered properties files.
2026-05-10 18:09:42,109 [Worker-2: Building] INFO  o.e.m.c.i.embedder.EclipseLogger - skip non existing resourceDirectory C:\MULTI-CURRENCY1\MultiCurrencyCodeBackup\SequroCMSAccountManagementService_app\SequroCMSAccountManagementService\src\test\resources
2026-05-10 18:10:13,616 [Worker-2: Building] INFO  o.e.m.c.i.embedder.EclipseLogger - Using 'UTF-8' encoding to copy filtered resources.
2026-05-10 18:10:13,617 [Worker-2: Building] INFO  o.e.m.c.i.embedder.EclipseLogger - Using 'UTF-8' encoding to copy filtered properties files.
2026-05-10 18:10:13,617 [Worker-2: Building] INFO  o.e.m.c.i.embedder.EclipseLogger - Copying 0 resource
2026-05-10 18:10:13,618 [Worker-2: Building] INFO  o.e.m.c.i.embedder.EclipseLogger - Copying 1 resource
2026-05-10 18:10:13,624 [Worker-2: Building] INFO  o.e.m.c.i.embedder.EclipseLogger - Using 'UTF-8' encoding to copy filtered resources.
2026-05-10 18:10:13,624 [Worker-2: Building] INFO  o.e.m.c.i.embedder.EclipseLogger - Using 'UTF-8' encoding to copy filtered properties files.
2026-05-10 18:10:13,624 [Worker-2: Building] INFO  o.e.m.c.i.embedder.EclipseLogger - skip non existing resourceDirectory C:\MULTI-CURRENCY1\MultiCurrencyCodeBackup\SequroCMSAccountManagementService_app\SequroCMSAccountManagementService\src\test\resources
2026-05-10 18:10:35,712 [Worker-16: Building] INFO  o.e.m.c.i.embedder.EclipseLogger - Using 'UTF-8' encoding to copy filtered resources.
2026-05-10 18:10:35,712 [Worker-16: Building] INFO  o.e.m.c.i.embedder.EclipseLogger - Using 'UTF-8' encoding to copy filtered properties files.
2026-05-10 18:10:35,713 [Worker-16: Building] INFO  o.e.m.c.i.embedder.EclipseLogger - Copying 0 resource
2026-05-10 18:10:35,714 [Worker-16: Building] INFO  o.e.m.c.i.embedder.EclipseLogger - Copying 1 resource
2026-05-10 18:10:35,718 [Worker-16: Building] INFO  o.e.m.c.i.embedder.EclipseLogger - Using 'UTF-8' encoding to copy filtered resources.
2026-05-10 18:10:35,718 [Worker-16: Building] INFO  o.e.m.c.i.embedder.EclipseLogger - Using 'UTF-8' encoding to copy filtered properties files.
2026-05-10 18:10:35,719 [Worker-16: Building] INFO  o.e.m.c.i.embedder.EclipseLogger - skip non existing resourceDirectory C:\MULTI-CURRENCY1\MultiCurrencyCodeBackup\SequroCMSAccountManagementService_app\SequroCMSAccountManagementService\src\test\resources
2026-05-10 18:10:47,937 [main] INFO  o.e.m2e.actions.ExecutePomAction - Creating new launch configuration
2026-05-10 18:11:04,521 [Worker-17: Launching SequroCMSAccountManagementService] INFO  o.eclipse.m2e.core.internal.Bundles - getClasspathEntries(Bundle=org.eclipse.m2e.maven.runtime_3.9.500.20231113-2345 [347])
2026-05-10 18:11:04,526 [Worker-17: Launching SequroCMSAccountManagementService] INFO  o.eclipse.m2e.core.internal.Bundles - 	Entry: C:\Users\nadka\Downloads\eclipse-dsl-2023-12-R-win32-x86_64\eclipse\plugins\org.eclipse.m2e.maven.runtime_3.9.500.20231113-2345
2026-05-10 18:11:04,527 [Worker-17: Launching SequroCMSAccountManagementService] INFO  o.eclipse.m2e.core.internal.Bundles - 	Entry: C:\Users\nadka\Downloads\eclipse-dsl-2023-12-R-win32-x86_64\eclipse\plugins\org.eclipse.m2e.maven.runtime_3.9.500.20231113-2345\jars\aopalliance-1.0.jar
2026-05-10 18:11:04,527 [Worker-17: Launching SequroCMSAccountManagementService] INFO  o.eclipse.m2e.core.internal.Bundles - 	Entry: C:\Users\nadka\Downloads\eclipse-dsl-2023-12-R-win32-x86_64\eclipse\plugins\org.eclipse.m2e.maven.runtime_3.9.500.20231113-2345\jars\guice-5.1.0.jar
2026-05-10 18:11:04,527 [Worker-17: Launching SequroCMSAccountManagementService] INFO  o.eclipse.m2e.core.internal.Bundles - 	Entry: C:\Users\nadka\Downloads\eclipse-dsl-2023-12-R-win32-x86_64\eclipse\plugins\org.eclipse.m2e.maven.runtime_3.9.500.20231113-2345\jars\httpclient-4.5.14.jar
2026-05-10 18:11:04,527 [Worker-17: Launching SequroCMSAccountManagementService] INFO  o.eclipse.m2e.core.internal.Bundles - 	Entry: C:\Users\nadka\Downloads\eclipse-dsl-2023-12-R-win32-x86_64\eclipse\plugins\org.eclipse.m2e.maven.runtime_3.9.500.20231113-2345\jars\httpcore-4.4.16.jar
2026-05-10 18:11:04,527 [Worker-17: Launching SequroCMSAccountManagementService] INFO  o.eclipse.m2e.core.internal.Bundles - 	Entry: C:\Users\nadka\Downloads\eclipse-dsl-2023-12-R-win32-x86_64\eclipse\plugins\org.eclipse.m2e.maven.runtime_3.9.500.20231113-2345\jars\jansi-2.4.0.jar
2026-05-10 18:11:04,528 [Worker-17: Launching SequroCMSAccountManagementService] INFO  o.eclipse.m2e.core.internal.Bundles - 	Entry: C:\Users\nadka\Downloads\eclipse-dsl-2023-12-R-win32-x86_64\eclipse\plugins\org.eclipse.m2e.maven.runtime_3.9.500.20231113-2345\jars\jcl-over-slf4j-1.7.36.jar
2026-05-10 18:11:04,528 [Worker-17: Launching SequroCMSAccountManagementService] INFO  o.eclipse.m2e.core.internal.Bundles - 	Entry: C:\Users\nadka\Downloads\eclipse-dsl-2023-12-R-win32-x86_64\eclipse\plugins\org.eclipse.m2e.maven.runtime_3.9.500.20231113-2345\jars\maven-artifact-3.9.5.jar
2026-05-10 18:11:04,528 [Worker-17: Launching SequroCMSAccountManagementService] INFO  o.eclipse.m2e.core.internal.Bundles - 	Entry: C:\Users\nadka\Downloads\eclipse-dsl-2023-12-R-win32-x86_64\eclipse\plugins\org.eclipse.m2e.maven.runtime_3.9.500.20231113-2345\jars\maven-builder-support-3.9.5.jar
2026-05-10 18:11:04,528 [Worker-17: Launching SequroCMSAccountManagementService] INFO  o.eclipse.m2e.core.internal.Bundles - 	Entry: C:\Users\nadka\Downloads\eclipse-dsl-2023-12-R-win32-x86_64\eclipse\plugins\org.eclipse.m2e.maven.runtime_3.9.500.20231113-2345\jars\maven-compat-3.9.5.jar
2026-05-10 18:11:04,528 [Worker-17: Launching SequroCMSAccountManagementService] INFO  o.eclipse.m2e.core.internal.Bundles - 	Entry: C:\Users\nadka\Downloads\eclipse-dsl-2023-12-R-win32-x86_64\eclipse\plugins\org.eclipse.m2e.maven.runtime_3.9.500.20231113-2345\jars\maven-core-3.9.5.jar
2026-05-10 18:11:04,529 [Worker-17: Launching SequroCMSAccountManagementService] INFO  o.eclipse.m2e.core.internal.Bundles - 	Entry: C:\Users\nadka\Downloads\eclipse-dsl-2023-12-R-win32-x86_64\eclipse\plugins\org.eclipse.m2e.maven.runtime_3.9.500.20231113-2345\jars\maven-embedder-3.9.5.jar
2026-05-10 18:11:04,529 [Worker-17: Launching SequroCMSAccountManagementService] INFO  o.eclipse.m2e.core.internal.Bundles - 	Entry: C:\Users\nadka\Downloads\eclipse-dsl-2023-12-R-win32-x86_64\eclipse\plugins\org.eclipse.m2e.maven.runtime_3.9.500.20231113-2345\jars\maven-model-3.9.5.jar
2026-05-10 18:11:04,529 [Worker-17: Launching SequroCMSAccountManagementService] INFO  o.eclipse.m2e.core.internal.Bundles - 	Entry: C:\Users\nadka\Downloads\eclipse-dsl-2023-12-R-win32-x86_64\eclipse\plugins\org.eclipse.m2e.maven.runtime_3.9.500.20231113-2345\jars\maven-model-builder-3.9.5.jar
2026-05-10 18:11:04,529 [Worker-17: Launching SequroCMSAccountManagementService] INFO  o.eclipse.m2e.core.internal.Bundles - 	Entry: C:\Users\nadka\Downloads\eclipse-dsl-2023-12-R-win32-x86_64\eclipse\plugins\org.eclipse.m2e.maven.runtime_3.9.500.20231113-2345\jars\maven-plugin-api-3.9.5.jar
2026-05-10 18:11:04,529 [Worker-17: Launching SequroCMSAccountManagementService] INFO  o.eclipse.m2e.core.internal.Bundles - 	Entry: C:\Users\nadka\Downloads\eclipse-dsl-2023-12-R-win32-x86_64\eclipse\plugins\org.eclipse.m2e.maven.runtime_3.9.500.20231113-2345\jars\maven-repository-metadata-3.9.5.jar
2026-05-10 18:11:04,529 [Worker-17: Launching SequroCMSAccountManagementService] INFO  o.eclipse.m2e.core.internal.Bundles - 	Entry: C:\Users\nadka\Downloads\eclipse-dsl-2023-12-R-win32-x86_64\eclipse\plugins\org.eclipse.m2e.maven.runtime_3.9.500.20231113-2345\jars\maven-resolver-api-1.9.16.jar
2026-05-10 18:11:04,530 [Worker-17: Launching SequroCMSAccountManagementService] INFO  o.eclipse.m2e.core.internal.Bundles - 	Entry: C:\Users\nadka\Downloads\eclipse-dsl-2023-12-R-win32-x86_64\eclipse\plugins\org.eclipse.m2e.maven.runtime_3.9.500.20231113-2345\jars\maven-resolver-connector-basic-1.9.16.jar
2026-05-10 18:11:04,530 [Worker-17: Launching SequroCMSAccountManagementService] INFO  o.eclipse.m2e.core.internal.Bundles - 	Entry: C:\Users\nadka\Downloads\eclipse-dsl-2023-12-R-win32-x86_64\eclipse\plugins\org.eclipse.m2e.maven.runtime_3.9.500.20231113-2345\jars\maven-resolver-impl-1.9.16.jar
2026-05-10 18:11:04,530 [Worker-17: Launching SequroCMSAccountManagementService] INFO  o.eclipse.m2e.core.internal.Bundles - 	Entry: C:\Users\nadka\Downloads\eclipse-dsl-2023-12-R-win32-x86_64\eclipse\plugins\org.eclipse.m2e.maven.runtime_3.9.500.20231113-2345\jars\maven-resolver-named-locks-1.9.16.jar
2026-05-10 18:11:04,530 [Worker-17: Launching SequroCMSAccountManagementService] INFO  o.eclipse.m2e.core.internal.Bundles - 	Entry: C:\Users\nadka\Downloads\eclipse-dsl-2023-12-R-win32-x86_64\eclipse\plugins\org.eclipse.m2e.maven.runtime_3.9.500.20231113-2345\jars\maven-resolver-provider-3.9.5.jar
2026-05-10 18:11:04,530 [Worker-17: Launching SequroCMSAccountManagementService] INFO  o.eclipse.m2e.core.internal.Bundles - 	Entry: C:\Users\nadka\Downloads\eclipse-dsl-2023-12-R-win32-x86_64\eclipse\plugins\org.eclipse.m2e.maven.runtime_3.9.500.20231113-2345\jars\maven-resolver-spi-1.9.16.jar
2026-05-10 18:11:04,530 [Worker-17: Launching SequroCMSAccountManagementService] INFO  o.eclipse.m2e.core.internal.Bundles - 	Entry: C:\Users\nadka\Downloads\eclipse-dsl-2023-12-R-win32-x86_64\eclipse\plugins\org.eclipse.m2e.maven.runtime_3.9.500.20231113-2345\jars\maven-resolver-transport-file-1.9.16.jar
2026-05-10 18:11:04,530 [Worker-17: Launching SequroCMSAccountManagementService] INFO  o.eclipse.m2e.core.internal.Bundles - 	Entry: C:\Users\nadka\Downloads\eclipse-dsl-2023-12-R-win32-x86_64\eclipse\plugins\org.eclipse.m2e.maven.runtime_3.9.500.20231113-2345\jars\maven-resolver-transport-http-1.9.16.jar
2026-05-10 18:11:04,530 [Worker-17: Launching SequroCMSAccountManagementService] INFO  o.eclipse.m2e.core.internal.Bundles - 	Entry: C:\Users\nadka\Downloads\eclipse-dsl-2023-12-R-win32-x86_64\eclipse\plugins\org.eclipse.m2e.maven.runtime_3.9.500.20231113-2345\jars\maven-resolver-transport-wagon-1.9.16.jar
2026-05-10 18:11:04,531 [Worker-17: Launching SequroCMSAccountManagementService] INFO  o.eclipse.m2e.core.internal.Bundles - 	Entry: C:\Users\nadka\Downloads\eclipse-dsl-2023-12-R-win32-x86_64\eclipse\plugins\org.eclipse.m2e.maven.runtime_3.9.500.20231113-2345\jars\maven-resolver-util-1.9.16.jar
2026-05-10 18:11:04,531 [Worker-17: Launching SequroCMSAccountManagementService] INFO  o.eclipse.m2e.core.internal.Bundles - 	Entry: C:\Users\nadka\Downloads\eclipse-dsl-2023-12-R-win32-x86_64\eclipse\plugins\org.eclipse.m2e.maven.runtime_3.9.500.20231113-2345\jars\maven-settings-3.9.5.jar
2026-05-10 18:11:04,532 [Worker-17: Launching SequroCMSAccountManagementService] INFO  o.eclipse.m2e.core.internal.Bundles - 	Entry: C:\Users\nadka\Downloads\eclipse-dsl-2023-12-R-win32-x86_64\eclipse\plugins\org.eclipse.m2e.maven.runtime_3.9.500.20231113-2345\jars\maven-settings-builder-3.9.5.jar
2026-05-10 18:11:04,532 [Worker-17: Launching SequroCMSAccountManagementService] INFO  o.eclipse.m2e.core.internal.Bundles - 	Entry: C:\Users\nadka\Downloads\eclipse-dsl-2023-12-R-win32-x86_64\eclipse\plugins\org.eclipse.m2e.maven.runtime_3.9.500.20231113-2345\jars\maven-shared-utils-3.3.4.jar
2026-05-10 18:11:04,532 [Worker-17: Launching SequroCMSAccountManagementService] INFO  o.eclipse.m2e.core.internal.Bundles - 	Entry: C:\Users\nadka\Downloads\eclipse-dsl-2023-12-R-win32-x86_64\eclipse\plugins\org.eclipse.m2e.maven.runtime_3.9.500.20231113-2345\jars\org.eclipse.sisu.inject-0.3.5.jar
2026-05-10 18:11:04,532 [Worker-17: Launching SequroCMSAccountManagementService] INFO  o.eclipse.m2e.core.internal.Bundles - 	Entry: C:\Users\nadka\Downloads\eclipse-dsl-2023-12-R-win32-x86_64\eclipse\plugins\org.eclipse.m2e.maven.runtime_3.9.500.20231113-2345\jars\org.eclipse.sisu.plexus-0.3.5.jar
2026-05-10 18:11:04,532 [Worker-17: Launching SequroCMSAccountManagementService] INFO  o.eclipse.m2e.core.internal.Bundles - 	Entry: C:\Users\nadka\Downloads\eclipse-dsl-2023-12-R-win32-x86_64\eclipse\plugins\org.eclipse.m2e.maven.runtime_3.9.500.20231113-2345\jars\plexus-build-api-0.0.7.jar
2026-05-10 18:11:04,532 [Worker-17: Launching SequroCMSAccountManagementService] INFO  o.eclipse.m2e.core.internal.Bundles - 	Entry: C:\Users\nadka\Downloads\eclipse-dsl-2023-12-R-win32-x86_64\eclipse\plugins\org.eclipse.m2e.maven.runtime_3.9.500.20231113-2345\jars\plexus-cipher-2.0.jar
2026-05-10 18:11:04,532 [Worker-17: Launching SequroCMSAccountManagementService] INFO  o.eclipse.m2e.core.internal.Bundles - 	Entry: C:\Users\nadka\Downloads\eclipse-dsl-2023-12-R-win32-x86_64\eclipse\plugins\org.eclipse.m2e.maven.runtime_3.9.500.20231113-2345\jars\plexus-classworlds-2.7.0.jar
2026-05-10 18:11:04,532 [Worker-17: Launching SequroCMSAccountManagementService] INFO  o.eclipse.m2e.core.internal.Bundles - 	Entry: C:\Users\nadka\Downloads\eclipse-dsl-2023-12-R-win32-x86_64\eclipse\plugins\org.eclipse.m2e.maven.runtime_3.9.500.20231113-2345\jars\plexus-component-annotations-2.1.0.jar
2026-05-10 18:11:04,532 [Worker-17: Launching SequroCMSAccountManagementService] INFO  o.eclipse.m2e.core.internal.Bundles - 	Entry: C:\Users\nadka\Downloads\eclipse-dsl-2023-12-R-win32-x86_64\eclipse\plugins\org.eclipse.m2e.maven.runtime_3.9.500.20231113-2345\jars\plexus-interpolation-1.26.jar
2026-05-10 18:11:04,533 [Worker-17: Launching SequroCMSAccountManagementService] INFO  o.eclipse.m2e.core.internal.Bundles - 	Entry: C:\Users\nadka\Downloads\eclipse-dsl-2023-12-R-win32-x86_64\eclipse\plugins\org.eclipse.m2e.maven.runtime_3.9.500.20231113-2345\jars\plexus-sec-dispatcher-2.0.jar
2026-05-10 18:11:04,533 [Worker-17: Launching SequroCMSAccountManagementService] INFO  o.eclipse.m2e.core.internal.Bundles - 	Entry: C:\Users\nadka\Downloads\eclipse-dsl-2023-12-R-win32-x86_64\eclipse\plugins\org.eclipse.m2e.maven.runtime_3.9.500.20231113-2345\jars\plexus-utils-3.5.1.jar
2026-05-10 18:11:04,533 [Worker-17: Launching SequroCMSAccountManagementService] INFO  o.eclipse.m2e.core.internal.Bundles - 	Entry: C:\Users\nadka\Downloads\eclipse-dsl-2023-12-R-win32-x86_64\eclipse\plugins\org.eclipse.m2e.maven.runtime_3.9.500.20231113-2345\jars\wagon-file-3.5.3.jar
2026-05-10 18:11:04,533 [Worker-17: Launching SequroCMSAccountManagementService] INFO  o.eclipse.m2e.core.internal.Bundles - 	Entry: C:\Users\nadka\Downloads\eclipse-dsl-2023-12-R-win32-x86_64\eclipse\plugins\org.eclipse.m2e.maven.runtime_3.9.500.20231113-2345\jars\wagon-http-3.5.3.jar
2026-05-10 18:11:04,533 [Worker-17: Launching SequroCMSAccountManagementService] INFO  o.eclipse.m2e.core.internal.Bundles - 	Entry: C:\Users\nadka\Downloads\eclipse-dsl-2023-12-R-win32-x86_64\eclipse\plugins\org.eclipse.m2e.maven.runtime_3.9.500.20231113-2345\jars\wagon-http-shared-3.5.3.jar
2026-05-10 18:11:04,533 [Worker-17: Launching SequroCMSAccountManagementService] INFO  o.eclipse.m2e.core.internal.Bundles - 	Entry: C:\Users\nadka\Downloads\eclipse-dsl-2023-12-R-win32-x86_64\eclipse\plugins\org.eclipse.m2e.maven.runtime_3.9.500.20231113-2345\jars\wagon-provider-api-3.5.3.jar
2026-05-10 18:11:04,536 [Worker-17: Launching SequroCMSAccountManagementService] INFO  o.eclipse.m2e.core.internal.Bundles - getClasspathEntries(Bundle=com.google.guava_32.1.3.jre [12])
2026-05-10 18:11:04,537 [Worker-17: Launching SequroCMSAccountManagementService] INFO  o.eclipse.m2e.core.internal.Bundles - 	Entry: C:\Users\nadka\Downloads\eclipse-dsl-2023-12-R-win32-x86_64\eclipse\plugins\com.google.guava_32.1.3.jre.jar
2026-05-10 18:11:04,538 [Worker-17: Launching SequroCMSAccountManagementService] INFO  o.eclipse.m2e.core.internal.Bundles - getClasspathEntries(Bundle=slf4j.api_2.0.9 [624])
2026-05-10 18:11:04,539 [Worker-17: Launching SequroCMSAccountManagementService] INFO  o.eclipse.m2e.core.internal.Bundles - 	Entry: C:\Users\nadka\Downloads\eclipse-dsl-2023-12-R-win32-x86_64\eclipse\plugins\slf4j.api_2.0.9.jar
2026-05-10 18:11:04,539 [Worker-17: Launching SequroCMSAccountManagementService] INFO  o.eclipse.m2e.core.internal.Bundles - getClasspathEntries(Bundle=jakarta.inject.jakarta.inject-api_1.0.5 [25])
2026-05-10 18:11:04,540 [Worker-17: Launching SequroCMSAccountManagementService] INFO  o.eclipse.m2e.core.internal.Bundles - 	Entry: C:\Users\nadka\Downloads\eclipse-dsl-2023-12-R-win32-x86_64\eclipse\plugins\jakarta.inject.jakarta.inject-api_1.0.5.jar
2026-05-10 18:11:04,540 [Worker-17: Launching SequroCMSAccountManagementService] INFO  o.eclipse.m2e.core.internal.Bundles - getClasspathEntries(Bundle=jakarta.annotation-api_1.3.5 [23])
2026-05-10 18:11:04,541 [Worker-17: Launching SequroCMSAccountManagementService] INFO  o.eclipse.m2e.core.internal.Bundles - 	Entry: C:\Users\nadka\Downloads\eclipse-dsl-2023-12-R-win32-x86_64\eclipse\plugins\jakarta.annotation-api_1.3.5.jar
2026-05-10 18:11:04,541 [Worker-17: Launching SequroCMSAccountManagementService] INFO  o.eclipse.m2e.core.internal.Bundles - getClasspathEntries(Bundle=org.apache.commons.cli_1.6.0 [51])
2026-05-10 18:11:04,542 [Worker-17: Launching SequroCMSAccountManagementService] INFO  o.eclipse.m2e.core.internal.Bundles - 	Entry: C:\Users\nadka\Downloads\eclipse-dsl-2023-12-R-win32-x86_64\eclipse\plugins\org.apache.commons.cli_1.6.0.jar
2026-05-10 18:11:04,542 [Worker-17: Launching SequroCMSAccountManagementService] INFO  o.eclipse.m2e.core.internal.Bundles - getClasspathEntries(Bundle=org.apache.commons.commons-codec_1.16.0 [52])
2026-05-10 18:11:04,544 [Worker-17: Launching SequroCMSAccountManagementService] INFO  o.eclipse.m2e.core.internal.Bundles - 	Entry: C:\Users\nadka\Downloads\eclipse-dsl-2023-12-R-win32-x86_64\eclipse\plugins\org.apache.commons.commons-codec_1.16.0.jar
2026-05-10 18:11:04,544 [Worker-17: Launching SequroCMSAccountManagementService] INFO  o.eclipse.m2e.core.internal.Bundles - getClasspathEntries(Bundle=org.apache.commons.lang3_3.13.0 [56])
2026-05-10 18:11:04,545 [Worker-17: Launching SequroCMSAccountManagementService] INFO  o.eclipse.m2e.core.internal.Bundles - 	Entry: C:\Users\nadka\Downloads\eclipse-dsl-2023-12-R-win32-x86_64\eclipse\plugins\org.apache.commons.lang3_3.13.0.jar
2026-05-10 18:11:04,546 [Worker-17: Launching SequroCMSAccountManagementService] INFO  o.eclipse.m2e.core.internal.Bundles - getClasspathEntries(Bundle=com.google.guava.failureaccess_1.0.2 [13])
2026-05-10 18:11:04,546 [Worker-17: Launching SequroCMSAccountManagementService] INFO  o.eclipse.m2e.core.internal.Bundles - 	Entry: C:\Users\nadka\Downloads\eclipse-dsl-2023-12-R-win32-x86_64\eclipse\plugins\com.google.guava.failureaccess_1.0.2.jar
2026-05-10 18:11:04,551 [Worker-17: Launching SequroCMSAccountManagementService] INFO  o.e.m.i.launch.MavenLaunchDelegate - Run build in "C:\MULTI-CURRENCY1\MultiCurrencyCodeBackup\SequroCMSAccountManagementService_app\SequroCMSAccountManagementService":
2026-05-10 18:11:04,558 [Worker-17: Launching SequroCMSAccountManagementService] INFO  o.e.m.i.launch.MavenLaunchDelegate -  mvn  -B -Dmaven.test.skip=true -DskipTests -Dstyle.color=always clean install
2026-05-10 18:13:58,787 [Worker-19: Building] INFO  o.e.m.c.i.embedder.EclipseLogger - Using 'UTF-8' encoding to copy filtered resources.
2026-05-10 18:13:58,787 [Worker-19: Building] INFO  o.e.m.c.i.embedder.EclipseLogger - Using 'UTF-8' encoding to copy filtered properties files.
2026-05-10 18:13:58,788 [Worker-19: Building] INFO  o.e.m.c.i.embedder.EclipseLogger - Copying 1 resource
2026-05-10 18:13:58,795 [Worker-19: Building] INFO  o.e.m.c.i.embedder.EclipseLogger - Copying 0 resource
2026-05-10 18:13:58,798 [Worker-19: Building] INFO  o.e.m.c.i.embedder.EclipseLogger - Using 'UTF-8' encoding to copy filtered resources.
2026-05-10 18:13:58,798 [Worker-19: Building] INFO  o.e.m.c.i.embedder.EclipseLogger - Using 'UTF-8' encoding to copy filtered properties files.
2026-05-10 18:13:58,798 [Worker-19: Building] INFO  o.e.m.c.i.embedder.EclipseLogger - skip non existing resourceDirectory C:\MULTI-CURRENCY1\MultiCurrencyCodeBackup\SequroCMSAccountManagementService_app\SequroCMSAccountManagementService\src\test\resources
2026-05-18 11:22:38,951 [Worker-7: Loading available Gradle versions] INFO  o.e.b.c.i.u.g.PublishedGradleVersions - Gradle version information cache is up-to-date. Trying to read.
2026-05-18 11:23:28,733 [Worker-9: Building] WARN  o.e.m.c.i.embedder.EclipseLogger - The artifact mysql:mysql-connector-java:jar:8.0.31 has been relocated to com.mysql:mysql-connector-j:jar:8.0.31: MySQL Connector/J artifacts moved to reverse-DNS compliant Maven 2+ coordinates.
2026-05-18 11:23:28,750 [Worker-9: Building] WARN  o.e.m.c.i.embedder.EclipseLogger - The artifact com.lowagie:itext:jar:4.2.2 has been relocated to com.itextpdf:itextpdf:jar:5.5.6: After release 2.1.7, iText moved from the MPLicense to the AGPLicense.
			The groupId changed from com.lowagie to com.itextpdf and the artifactId from itext to itextpdf.
			See http://itextpdf.com/functionalitycomparison for more information.
2026-05-18 11:29:01,864 [main] INFO  o.e.m2e.actions.ExecutePomAction - Creating new launch configuration
2026-05-18 11:29:15,631 [Worker-22: Launching SequroCMSAccountManagementService] INFO  o.eclipse.m2e.core.internal.Bundles - getClasspathEntries(Bundle=org.eclipse.m2e.maven.runtime_3.9.500.20231113-2345 [347])
2026-05-18 11:29:15,634 [Worker-22: Launching SequroCMSAccountManagementService] INFO  o.eclipse.m2e.core.internal.Bundles - 	Entry: C:\Users\nadka\Downloads\eclipse-dsl-2023-12-R-win32-x86_64\eclipse\plugins\org.eclipse.m2e.maven.runtime_3.9.500.20231113-2345
2026-05-18 11:29:15,635 [Worker-22: Launching SequroCMSAccountManagementService] INFO  o.eclipse.m2e.core.internal.Bundles - 	Entry: C:\Users\nadka\Downloads\eclipse-dsl-2023-12-R-win32-x86_64\eclipse\plugins\org.eclipse.m2e.maven.runtime_3.9.500.20231113-2345\jars\aopalliance-1.0.jar
2026-05-18 11:29:15,635 [Worker-22: Launching SequroCMSAccountManagementService] INFO  o.eclipse.m2e.core.internal.Bundles - 	Entry: C:\Users\nadka\Downloads\eclipse-dsl-2023-12-R-win32-x86_64\eclipse\plugins\org.eclipse.m2e.maven.runtime_3.9.500.20231113-2345\jars\guice-5.1.0.jar
2026-05-18 11:29:15,635 [Worker-22: Launching SequroCMSAccountManagementService] INFO  o.eclipse.m2e.core.internal.Bundles - 	Entry: C:\Users\nadka\Downloads\eclipse-dsl-2023-12-R-win32-x86_64\eclipse\plugins\org.eclipse.m2e.maven.runtime_3.9.500.20231113-2345\jars\httpclient-4.5.14.jar
2026-05-18 11:29:15,635 [Worker-22: Launching SequroCMSAccountManagementService] INFO  o.eclipse.m2e.core.internal.Bundles - 	Entry: C:\Users\nadka\Downloads\eclipse-dsl-2023-12-R-win32-x86_64\eclipse\plugins\org.eclipse.m2e.maven.runtime_3.9.500.20231113-2345\jars\httpcore-4.4.16.jar
2026-05-18 11:29:15,635 [Worker-22: Launching SequroCMSAccountManagementService] INFO  o.eclipse.m2e.core.internal.Bundles - 	Entry: C:\Users\nadka\Downloads\eclipse-dsl-2023-12-R-win32-x86_64\eclipse\plugins\org.eclipse.m2e.maven.runtime_3.9.500.20231113-2345\jars\jansi-2.4.0.jar
2026-05-18 11:29:15,635 [Worker-22: Launching SequroCMSAccountManagementService] INFO  o.eclipse.m2e.core.internal.Bundles - 	Entry: C:\Users\nadka\Downloads\eclipse-dsl-2023-12-R-win32-x86_64\eclipse\plugins\org.eclipse.m2e.maven.runtime_3.9.500.20231113-2345\jars\jcl-over-slf4j-1.7.36.jar
2026-05-18 11:29:15,636 [Worker-22: Launching SequroCMSAccountManagementService] INFO  o.eclipse.m2e.core.internal.Bundles - 	Entry: C:\Users\nadka\Downloads\eclipse-dsl-2023-12-R-win32-x86_64\eclipse\plugins\org.eclipse.m2e.maven.runtime_3.9.500.20231113-2345\jars\maven-artifact-3.9.5.jar
2026-05-18 11:29:15,636 [Worker-22: Launching SequroCMSAccountManagementService] INFO  o.eclipse.m2e.core.internal.Bundles - 	Entry: C:\Users\nadka\Downloads\eclipse-dsl-2023-12-R-win32-x86_64\eclipse\plugins\org.eclipse.m2e.maven.runtime_3.9.500.20231113-2345\jars\maven-builder-support-3.9.5.jar
2026-05-18 11:29:15,636 [Worker-22: Launching SequroCMSAccountManagementService] INFO  o.eclipse.m2e.core.internal.Bundles - 	Entry: C:\Users\nadka\Downloads\eclipse-dsl-2023-12-R-win32-x86_64\eclipse\plugins\org.eclipse.m2e.maven.runtime_3.9.500.20231113-2345\jars\maven-compat-3.9.5.jar
2026-05-18 11:29:15,636 [Worker-22: Launching SequroCMSAccountManagementService] INFO  o.eclipse.m2e.core.internal.Bundles - 	Entry: C:\Users\nadka\Downloads\eclipse-dsl-2023-12-R-win32-x86_64\eclipse\plugins\org.eclipse.m2e.maven.runtime_3.9.500.20231113-2345\jars\maven-core-3.9.5.jar
2026-05-18 11:29:15,637 [Worker-22: Launching SequroCMSAccountManagementService] INFO  o.eclipse.m2e.core.internal.Bundles - 	Entry: C:\Users\nadka\Downloads\eclipse-dsl-2023-12-R-win32-x86_64\eclipse\plugins\org.eclipse.m2e.maven.runtime_3.9.500.20231113-2345\jars\maven-embedder-3.9.5.jar
2026-05-18 11:29:15,637 [Worker-22: Launching SequroCMSAccountManagementService] INFO  o.eclipse.m2e.core.internal.Bundles - 	Entry: C:\Users\nadka\Downloads\eclipse-dsl-2023-12-R-win32-x86_64\eclipse\plugins\org.eclipse.m2e.maven.runtime_3.9.500.20231113-2345\jars\maven-model-3.9.5.jar
2026-05-18 11:29:15,637 [Worker-22: Launching SequroCMSAccountManagementService] INFO  o.eclipse.m2e.core.internal.Bundles - 	Entry: C:\Users\nadka\Downloads\eclipse-dsl-2023-12-R-win32-x86_64\eclipse\plugins\org.eclipse.m2e.maven.runtime_3.9.500.20231113-2345\jars\maven-model-builder-3.9.5.jar
2026-05-18 11:29:15,637 [Worker-22: Launching SequroCMSAccountManagementService] INFO  o.eclipse.m2e.core.internal.Bundles - 	Entry: C:\Users\nadka\Downloads\eclipse-dsl-2023-12-R-win32-x86_64\eclipse\plugins\org.eclipse.m2e.maven.runtime_3.9.500.20231113-2345\jars\maven-plugin-api-3.9.5.jar
2026-05-18 11:29:15,637 [Worker-22: Launching SequroCMSAccountManagementService] INFO  o.eclipse.m2e.core.internal.Bundles - 	Entry: C:\Users\nadka\Downloads\eclipse-dsl-2023-12-R-win32-x86_64\eclipse\plugins\org.eclipse.m2e.maven.runtime_3.9.500.20231113-2345\jars\maven-repository-metadata-3.9.5.jar
2026-05-18 11:29:15,637 [Worker-22: Launching SequroCMSAccountManagementService] INFO  o.eclipse.m2e.core.internal.Bundles - 	Entry: C:\Users\nadka\Downloads\eclipse-dsl-2023-12-R-win32-x86_64\eclipse\plugins\org.eclipse.m2e.maven.runtime_3.9.500.20231113-2345\jars\maven-resolver-api-1.9.16.jar
2026-05-18 11:29:15,637 [Worker-22: Launching SequroCMSAccountManagementService] INFO  o.eclipse.m2e.core.internal.Bundles - 	Entry: C:\Users\nadka\Downloads\eclipse-dsl-2023-12-R-win32-x86_64\eclipse\plugins\org.eclipse.m2e.maven.runtime_3.9.500.20231113-2345\jars\maven-resolver-connector-basic-1.9.16.jar
2026-05-18 11:29:15,637 [Worker-22: Launching SequroCMSAccountManagementService] INFO  o.eclipse.m2e.core.internal.Bundles - 	Entry: C:\Users\nadka\Downloads\eclipse-dsl-2023-12-R-win32-x86_64\eclipse\plugins\org.eclipse.m2e.maven.runtime_3.9.500.20231113-2345\jars\maven-resolver-impl-1.9.16.jar
2026-05-18 11:29:15,637 [Worker-22: Launching SequroCMSAccountManagementService] INFO  o.eclipse.m2e.core.internal.Bundles - 	Entry: C:\Users\nadka\Downloads\eclipse-dsl-2023-12-R-win32-x86_64\eclipse\plugins\org.eclipse.m2e.maven.runtime_3.9.500.20231113-2345\jars\maven-resolver-named-locks-1.9.16.jar
2026-05-18 11:29:15,638 [Worker-22: Launching SequroCMSAccountManagementService] INFO  o.eclipse.m2e.core.internal.Bundles - 	Entry: C:\Users\nadka\Downloads\eclipse-dsl-2023-12-R-win32-x86_64\eclipse\plugins\org.eclipse.m2e.maven.runtime_3.9.500.20231113-2345\jars\maven-resolver-provider-3.9.5.jar
2026-05-18 11:29:15,638 [Worker-22: Launching SequroCMSAccountManagementService] INFO  o.eclipse.m2e.core.internal.Bundles - 	Entry: C:\Users\nadka\Downloads\eclipse-dsl-2023-12-R-win32-x86_64\eclipse\plugins\org.eclipse.m2e.maven.runtime_3.9.500.20231113-2345\jars\maven-resolver-spi-1.9.16.jar
2026-05-18 11:29:15,638 [Worker-22: Launching SequroCMSAccountManagementService] INFO  o.eclipse.m2e.core.internal.Bundles - 	Entry: C:\Users\nadka\Downloads\eclipse-dsl-2023-12-R-win32-x86_64\eclipse\plugins\org.eclipse.m2e.maven.runtime_3.9.500.20231113-2345\jars\maven-resolver-transport-file-1.9.16.jar
2026-05-18 11:29:15,638 [Worker-22: Launching SequroCMSAccountManagementService] INFO  o.eclipse.m2e.core.internal.Bundles - 	Entry: C:\Users\nadka\Downloads\eclipse-dsl-2023-12-R-win32-x86_64\eclipse\plugins\org.eclipse.m2e.maven.runtime_3.9.500.20231113-2345\jars\maven-resolver-transport-http-1.9.16.jar
2026-05-18 11:29:15,638 [Worker-22: Launching SequroCMSAccountManagementService] INFO  o.eclipse.m2e.core.internal.Bundles - 	Entry: C:\Users\nadka\Downloads\eclipse-dsl-2023-12-R-win32-x86_64\eclipse\plugins\org.eclipse.m2e.maven.runtime_3.9.500.20231113-2345\jars\maven-resolver-transport-wagon-1.9.16.jar
2026-05-18 11:29:15,638 [Worker-22: Launching SequroCMSAccountManagementService] INFO  o.eclipse.m2e.core.internal.Bundles - 	Entry: C:\Users\nadka\Downloads\eclipse-dsl-2023-12-R-win32-x86_64\eclipse\plugins\org.eclipse.m2e.maven.runtime_3.9.500.20231113-2345\jars\maven-resolver-util-1.9.16.jar
2026-05-18 11:29:15,638 [Worker-22: Launching SequroCMSAccountManagementService] INFO  o.eclipse.m2e.core.internal.Bundles - 	Entry: C:\Users\nadka\Downloads\eclipse-dsl-2023-12-R-win32-x86_64\eclipse\plugins\org.eclipse.m2e.maven.runtime_3.9.500.20231113-2345\jars\maven-settings-3.9.5.jar
2026-05-18 11:29:15,638 [Worker-22: Launching SequroCMSAccountManagementService] INFO  o.eclipse.m2e.core.internal.Bundles - 	Entry: C:\Users\nadka\Downloads\eclipse-dsl-2023-12-R-win32-x86_64\eclipse\plugins\org.eclipse.m2e.maven.runtime_3.9.500.20231113-2345\jars\maven-settings-builder-3.9.5.jar
2026-05-18 11:29:15,638 [Worker-22: Launching SequroCMSAccountManagementService] INFO  o.eclipse.m2e.core.internal.Bundles - 	Entry: C:\Users\nadka\Downloads\eclipse-dsl-2023-12-R-win32-x86_64\eclipse\plugins\org.eclipse.m2e.maven.runtime_3.9.500.20231113-2345\jars\maven-shared-utils-3.3.4.jar
2026-05-18 11:29:15,638 [Worker-22: Launching SequroCMSAccountManagementService] INFO  o.eclipse.m2e.core.internal.Bundles - 	Entry: C:\Users\nadka\Downloads\eclipse-dsl-2023-12-R-win32-x86_64\eclipse\plugins\org.eclipse.m2e.maven.runtime_3.9.500.20231113-2345\jars\org.eclipse.sisu.inject-0.3.5.jar
2026-05-18 11:29:15,639 [Worker-22: Launching SequroCMSAccountManagementService] INFO  o.eclipse.m2e.core.internal.Bundles - 	Entry: C:\Users\nadka\Downloads\eclipse-dsl-2023-12-R-win32-x86_64\eclipse\plugins\org.eclipse.m2e.maven.runtime_3.9.500.20231113-2345\jars\org.eclipse.sisu.plexus-0.3.5.jar
2026-05-18 11:29:15,639 [Worker-22: Launching SequroCMSAccountManagementService] INFO  o.eclipse.m2e.core.internal.Bundles - 	Entry: C:\Users\nadka\Downloads\eclipse-dsl-2023-12-R-win32-x86_64\eclipse\plugins\org.eclipse.m2e.maven.runtime_3.9.500.20231113-2345\jars\plexus-build-api-0.0.7.jar
2026-05-18 11:29:15,639 [Worker-22: Launching SequroCMSAccountManagementService] INFO  o.eclipse.m2e.core.internal.Bundles - 	Entry: C:\Users\nadka\Downloads\eclipse-dsl-2023-12-R-win32-x86_64\eclipse\plugins\org.eclipse.m2e.maven.runtime_3.9.500.20231113-2345\jars\plexus-cipher-2.0.jar
2026-05-18 11:29:15,639 [Worker-22: Launching SequroCMSAccountManagementService] INFO  o.eclipse.m2e.core.internal.Bundles - 	Entry: C:\Users\nadka\Downloads\eclipse-dsl-2023-12-R-win32-x86_64\eclipse\plugins\org.eclipse.m2e.maven.runtime_3.9.500.20231113-2345\jars\plexus-classworlds-2.7.0.jar
2026-05-18 11:29:15,639 [Worker-22: Launching SequroCMSAccountManagementService] INFO  o.eclipse.m2e.core.internal.Bundles - 	Entry: C:\Users\nadka\Downloads\eclipse-dsl-2023-12-R-win32-x86_64\eclipse\plugins\org.eclipse.m2e.maven.runtime_3.9.500.20231113-2345\jars\plexus-component-annotations-2.1.0.jar
2026-05-18 11:29:15,640 [Worker-22: Launching SequroCMSAccountManagementService] INFO  o.eclipse.m2e.core.internal.Bundles - 	Entry: C:\Users\nadka\Downloads\eclipse-dsl-2023-12-R-win32-x86_64\eclipse\plugins\org.eclipse.m2e.maven.runtime_3.9.500.20231113-2345\jars\plexus-interpolation-1.26.jar
2026-05-18 11:29:15,640 [Worker-22: Launching SequroCMSAccountManagementService] INFO  o.eclipse.m2e.core.internal.Bundles - 	Entry: C:\Users\nadka\Downloads\eclipse-dsl-2023-12-R-win32-x86_64\eclipse\plugins\org.eclipse.m2e.maven.runtime_3.9.500.20231113-2345\jars\plexus-sec-dispatcher-2.0.jar
2026-05-18 11:29:15,640 [Worker-22: Launching SequroCMSAccountManagementService] INFO  o.eclipse.m2e.core.internal.Bundles - 	Entry: C:\Users\nadka\Downloads\eclipse-dsl-2023-12-R-win32-x86_64\eclipse\plugins\org.eclipse.m2e.maven.runtime_3.9.500.20231113-2345\jars\plexus-utils-3.5.1.jar
2026-05-18 11:29:15,640 [Worker-22: Launching SequroCMSAccountManagementService] INFO  o.eclipse.m2e.core.internal.Bundles - 	Entry: C:\Users\nadka\Downloads\eclipse-dsl-2023-12-R-win32-x86_64\eclipse\plugins\org.eclipse.m2e.maven.runtime_3.9.500.20231113-2345\jars\wagon-file-3.5.3.jar
2026-05-18 11:29:15,640 [Worker-22: Launching SequroCMSAccountManagementService] INFO  o.eclipse.m2e.core.internal.Bundles - 	Entry: C:\Users\nadka\Downloads\eclipse-dsl-2023-12-R-win32-x86_64\eclipse\plugins\org.eclipse.m2e.maven.runtime_3.9.500.20231113-2345\jars\wagon-http-3.5.3.jar
2026-05-18 11:29:15,640 [Worker-22: Launching SequroCMSAccountManagementService] INFO  o.eclipse.m2e.core.internal.Bundles - 	Entry: C:\Users\nadka\Downloads\eclipse-dsl-2023-12-R-win32-x86_64\eclipse\plugins\org.eclipse.m2e.maven.runtime_3.9.500.20231113-2345\jars\wagon-http-shared-3.5.3.jar
2026-05-18 11:29:15,640 [Worker-22: Launching SequroCMSAccountManagementService] INFO  o.eclipse.m2e.core.internal.Bundles - 	Entry: C:\Users\nadka\Downloads\eclipse-dsl-2023-12-R-win32-x86_64\eclipse\plugins\org.eclipse.m2e.maven.runtime_3.9.500.20231113-2345\jars\wagon-provider-api-3.5.3.jar
2026-05-18 11:29:15,643 [Worker-22: Launching SequroCMSAccountManagementService] INFO  o.eclipse.m2e.core.internal.Bundles - getClasspathEntries(Bundle=com.google.guava_32.1.3.jre [12])
2026-05-18 11:29:15,643 [Worker-22: Launching SequroCMSAccountManagementService] INFO  o.eclipse.m2e.core.internal.Bundles - 	Entry: C:\Users\nadka\Downloads\eclipse-dsl-2023-12-R-win32-x86_64\eclipse\plugins\com.google.guava_32.1.3.jre.jar
2026-05-18 11:29:15,643 [Worker-22: Launching SequroCMSAccountManagementService] INFO  o.eclipse.m2e.core.internal.Bundles - getClasspathEntries(Bundle=slf4j.api_2.0.9 [624])
2026-05-18 11:29:15,644 [Worker-22: Launching SequroCMSAccountManagementService] INFO  o.eclipse.m2e.core.internal.Bundles - 	Entry: C:\Users\nadka\Downloads\eclipse-dsl-2023-12-R-win32-x86_64\eclipse\plugins\slf4j.api_2.0.9.jar
2026-05-18 11:29:15,644 [Worker-22: Launching SequroCMSAccountManagementService] INFO  o.eclipse.m2e.core.internal.Bundles - getClasspathEntries(Bundle=jakarta.inject.jakarta.inject-api_1.0.5 [25])
2026-05-18 11:29:15,645 [Worker-22: Launching SequroCMSAccountManagementService] INFO  o.eclipse.m2e.core.internal.Bundles - 	Entry: C:\Users\nadka\Downloads\eclipse-dsl-2023-12-R-win32-x86_64\eclipse\plugins\jakarta.inject.jakarta.inject-api_1.0.5.jar
2026-05-18 11:29:15,645 [Worker-22: Launching SequroCMSAccountManagementService] INFO  o.eclipse.m2e.core.internal.Bundles - getClasspathEntries(Bundle=jakarta.annotation-api_1.3.5 [23])
2026-05-18 11:29:15,645 [Worker-22: Launching SequroCMSAccountManagementService] INFO  o.eclipse.m2e.core.internal.Bundles - 	Entry: C:\Users\nadka\Downloads\eclipse-dsl-2023-12-R-win32-x86_64\eclipse\plugins\jakarta.annotation-api_1.3.5.jar
2026-05-18 11:29:15,645 [Worker-22: Launching SequroCMSAccountManagementService] INFO  o.eclipse.m2e.core.internal.Bundles - getClasspathEntries(Bundle=org.apache.commons.cli_1.6.0 [51])
2026-05-18 11:29:15,645 [Worker-22: Launching SequroCMSAccountManagementService] INFO  o.eclipse.m2e.core.internal.Bundles - 	Entry: C:\Users\nadka\Downloads\eclipse-dsl-2023-12-R-win32-x86_64\eclipse\plugins\org.apache.commons.cli_1.6.0.jar
2026-05-18 11:29:15,645 [Worker-22: Launching SequroCMSAccountManagementService] INFO  o.eclipse.m2e.core.internal.Bundles - getClasspathEntries(Bundle=org.apache.commons.commons-codec_1.16.0 [52])
2026-05-18 11:29:15,646 [Worker-22: Launching SequroCMSAccountManagementService] INFO  o.eclipse.m2e.core.internal.Bundles - 	Entry: C:\Users\nadka\Downloads\eclipse-dsl-2023-12-R-win32-x86_64\eclipse\plugins\org.apache.commons.commons-codec_1.16.0.jar
2026-05-18 11:29:15,646 [Worker-22: Launching SequroCMSAccountManagementService] INFO  o.eclipse.m2e.core.internal.Bundles - getClasspathEntries(Bundle=org.apache.commons.lang3_3.13.0 [56])
2026-05-18 11:29:15,646 [Worker-22: Launching SequroCMSAccountManagementService] INFO  o.eclipse.m2e.core.internal.Bundles - 	Entry: C:\Users\nadka\Downloads\eclipse-dsl-2023-12-R-win32-x86_64\eclipse\plugins\org.apache.commons.lang3_3.13.0.jar
2026-05-18 11:29:15,646 [Worker-22: Launching SequroCMSAccountManagementService] INFO  o.eclipse.m2e.core.internal.Bundles - getClasspathEntries(Bundle=com.google.guava.failureaccess_1.0.2 [13])
2026-05-18 11:29:15,647 [Worker-22: Launching SequroCMSAccountManagementService] INFO  o.eclipse.m2e.core.internal.Bundles - 	Entry: C:\Users\nadka\Downloads\eclipse-dsl-2023-12-R-win32-x86_64\eclipse\plugins\com.google.guava.failureaccess_1.0.2.jar
2026-05-18 11:29:15,651 [Worker-22: Launching SequroCMSAccountManagementService] INFO  o.e.m.i.launch.MavenLaunchDelegate - Run build in "C:\MULTI-CURRENCY1\MultiCurrencyCodeBackup\SequroCMSAccountManagementService_app\SequroCMSAccountManagementService":
2026-05-18 11:29:15,654 [Worker-22: Launching SequroCMSAccountManagementService] INFO  o.e.m.i.launch.MavenLaunchDelegate -  mvn  -B -Dstyle.color=always clean install
2026-05-18 11:40:36,713 [Worker-6: Loading available Gradle versions] INFO  o.e.b.c.i.u.g.PublishedGradleVersions - Gradle version information cache is up-to-date. Trying to read.
2026-05-18 11:41:20,543 [Worker-10: Importing Maven projects] WARN  o.e.m.c.i.embedder.EclipseLogger - The artifact mysql:mysql-connector-java:jar:8.0.31 has been relocated to com.mysql:mysql-connector-j:jar:8.0.31: MySQL Connector/J artifacts moved to reverse-DNS compliant Maven 2+ coordinates.
2026-05-18 11:41:20,547 [Worker-10: Importing Maven projects] WARN  o.e.m.c.i.embedder.EclipseLogger - The artifact com.lowagie:itext:jar:4.2.2 has been relocated to com.itextpdf:itextpdf:jar:5.5.6: After release 2.1.7, iText moved from the MPLicense to the AGPLicense.
			The groupId changed from com.lowagie to com.itextpdf and the artifactId from itext to itextpdf.
			See http://itextpdf.com/functionalitycomparison for more information.
2026-05-18 11:41:23,401 [Worker-10: Importing Maven projects] INFO  o.e.m.c.i.l.LifecycleMappingFactory - Using org.eclipse.m2e.jdt.JarLifecycleMapping lifecycle mapping for MavenProject: sequro.cms:SequroCMSAccountManagementService:0.0.1 @ C:\MULTI-CURRENCY1\MultiCurrencyCodeBackup\SequroCMSAccountManagementService_app\pom.xml.
2026-05-18 11:41:23,421 [Worker-10: Importing Maven projects] WARN  o.e.m.c.i.embedder.EclipseLogger - The artifact mysql:mysql-connector-java:jar:8.0.31 has been relocated to com.mysql:mysql-connector-j:jar:8.0.31: MySQL Connector/J artifacts moved to reverse-DNS compliant Maven 2+ coordinates.
2026-05-18 11:41:23,423 [Worker-10: Importing Maven projects] WARN  o.e.m.c.i.embedder.EclipseLogger - The artifact com.lowagie:itext:jar:4.2.2 has been relocated to com.itextpdf:itextpdf:jar:5.5.6: After release 2.1.7, iText moved from the MPLicense to the AGPLicense.
			The groupId changed from com.lowagie to com.itextpdf and the artifactId from itext to itextpdf.
			See http://itextpdf.com/functionalitycomparison for more information.
2026-05-18 11:41:42,577 [Worker-10: Importing Maven projects] INFO  o.e.m.j.i.AbstractJavaProjectConfigurator - Adding source folder /SequroCMSAccountManagementService/src/main/java
2026-05-18 11:41:42,577 [Worker-10: Importing Maven projects] INFO  o.e.m.j.i.AbstractJavaProjectConfigurator - Adding resource folder /SequroCMSAccountManagementService/src/main/resources
2026-05-18 11:41:42,577 [Worker-10: Importing Maven projects] INFO  o.e.m.j.i.AbstractJavaProjectConfigurator - Adding resource folder /SequroCMSAccountManagementService/src/main/resources
2026-05-18 11:41:42,581 [Worker-10: Importing Maven projects] INFO  o.e.m.j.i.AbstractJavaProjectConfigurator - Adding source folder /SequroCMSAccountManagementService/src/test/java
2026-05-18 11:41:42,581 [Worker-10: Importing Maven projects] INFO  o.e.m.j.i.AbstractJavaProjectConfigurator - Adding resource folder /SequroCMSAccountManagementService/src/test/resources
2026-05-18 11:41:42,931 [Worker-10: Importing Maven projects] INFO  o.e.m.c.i.p.ProjectConfigurationManager - Imported and configured 1 project(s) in 24 sec
2026-05-18 11:41:43,252 [Worker-7: Updating Maven Project] INFO  o.e.m.c.i.p.ProjectConfigurationManager - Update started
2026-05-18 11:41:44,387 [Worker-7: Updating Maven Project] INFO  o.e.m.c.i.l.LifecycleMappingFactory - Using org.eclipse.m2e.jdt.JarLifecycleMapping lifecycle mapping for MavenProject: sequro.cms:SequroCMSAccountManagementService:0.0.1 @ C:\MULTI-CURRENCY1\MultiCurrencyCodeBackup\SequroCMSAccountManagementService_app\pom.xml.
2026-05-18 11:41:45,077 [Worker-7: Updating Maven Project] WARN  o.e.m.c.i.embedder.EclipseLogger - The artifact mysql:mysql-connector-java:jar:8.0.31 has been relocated to com.mysql:mysql-connector-j:jar:8.0.31: MySQL Connector/J artifacts moved to reverse-DNS compliant Maven 2+ coordinates.
2026-05-18 11:41:45,081 [Worker-7: Updating Maven Project] WARN  o.e.m.c.i.embedder.EclipseLogger - The artifact com.lowagie:itext:jar:4.2.2 has been relocated to com.itextpdf:itextpdf:jar:5.5.6: After release 2.1.7, iText moved from the MPLicense to the AGPLicense.
			The groupId changed from com.lowagie to com.itextpdf and the artifactId from itext to itextpdf.
			See http://itextpdf.com/functionalitycomparison for more information.
2026-05-18 11:41:46,250 [Worker-7: Updating Maven Project] INFO  o.e.m.j.i.AbstractJavaProjectConfigurator - Adding source folder /SequroCMSAccountManagementService/src/main/java
2026-05-18 11:41:46,250 [Worker-7: Updating Maven Project] INFO  o.e.m.j.i.AbstractJavaProjectConfigurator - Adding resource folder /SequroCMSAccountManagementService/src/main/resources
2026-05-18 11:41:46,250 [Worker-7: Updating Maven Project] INFO  o.e.m.j.i.AbstractJavaProjectConfigurator - Adding resource folder /SequroCMSAccountManagementService/src/main/resources
2026-05-18 11:41:46,250 [Worker-7: Updating Maven Project] INFO  o.e.m.j.i.AbstractJavaProjectConfigurator - Adding source folder /SequroCMSAccountManagementService/src/test/java
2026-05-18 11:41:46,252 [Worker-7: Updating Maven Project] INFO  o.e.m.j.i.AbstractJavaProjectConfigurator - Adding resource folder /SequroCMSAccountManagementService/src/test/resources
2026-05-18 11:41:48,533 [Worker-7: Updating Maven Project] INFO  o.e.m.c.i.p.ProjectConfigurationManager - Update completed for 1 poms: local refresh takes 0.00 sec, refresh facades takes 2.00 sec, update config takes 1.00 sec 
2026-05-18 11:42:00,421 [Worker-8: Building] INFO  o.e.m.c.i.embedder.EclipseLogger - Using 'UTF-8' encoding to copy filtered resources.
2026-05-18 11:42:00,421 [Worker-8: Building] INFO  o.e.m.c.i.embedder.EclipseLogger - Using 'UTF-8' encoding to copy filtered properties files.
2026-05-18 11:42:00,427 [Worker-8: Building] INFO  o.e.m.c.i.embedder.EclipseLogger - Copying 1 resource
2026-05-18 11:42:00,537 [Worker-8: Building] INFO  o.e.m.c.i.embedder.EclipseLogger - Copying 1 resource
2026-05-18 11:42:00,557 [Worker-8: Building] INFO  o.e.m.c.i.embedder.EclipseLogger - Using 'UTF-8' encoding to copy filtered resources.
2026-05-18 11:42:00,557 [Worker-8: Building] INFO  o.e.m.c.i.embedder.EclipseLogger - Using 'UTF-8' encoding to copy filtered properties files.
2026-05-18 11:42:00,557 [Worker-8: Building] INFO  o.e.m.c.i.embedder.EclipseLogger - skip non existing resourceDirectory C:\MULTI-CURRENCY1\MultiCurrencyCodeBackup\SequroCMSAccountManagementService_app\src\test\resources
2026-05-18 11:51:14,004 [Worker-4: Loading available Gradle versions] INFO  o.e.b.c.i.u.g.PublishedGradleVersions - Gradle version information cache is up-to-date. Trying to read.
2026-05-18 11:54:05,810 [Worker-4: Building] WARN  o.e.m.c.i.embedder.EclipseLogger - The artifact mysql:mysql-connector-java:jar:8.0.31 has been relocated to com.mysql:mysql-connector-j:jar:8.0.31: MySQL Connector/J artifacts moved to reverse-DNS compliant Maven 2+ coordinates.
2026-05-18 11:54:05,817 [Worker-4: Building] WARN  o.e.m.c.i.embedder.EclipseLogger - The artifact com.lowagie:itext:jar:4.2.2 has been relocated to com.itextpdf:itextpdf:jar:5.5.6: After release 2.1.7, iText moved from the MPLicense to the AGPLicense.
			The groupId changed from com.lowagie to com.itextpdf and the artifactId from itext to itextpdf.
			See http://itextpdf.com/functionalitycomparison for more information.
2026-05-18 11:54:06,838 [Worker-4: Building] INFO  o.e.m.c.i.embedder.EclipseLogger - Using 'UTF-8' encoding to copy filtered resources.
2026-05-18 11:54:06,838 [Worker-4: Building] INFO  o.e.m.c.i.embedder.EclipseLogger - Using 'UTF-8' encoding to copy filtered properties files.
2026-05-18 11:54:06,843 [Worker-4: Building] INFO  o.e.m.c.i.embedder.EclipseLogger - Copying 1 resource
2026-05-18 11:54:06,883 [Worker-4: Building] INFO  o.e.m.c.i.embedder.EclipseLogger - Copying 1 resource
2026-05-18 11:54:06,902 [Worker-4: Building] INFO  o.e.m.c.i.embedder.EclipseLogger - Using 'UTF-8' encoding to copy filtered resources.
2026-05-18 11:54:06,902 [Worker-4: Building] INFO  o.e.m.c.i.embedder.EclipseLogger - Using 'UTF-8' encoding to copy filtered properties files.
2026-05-18 11:54:06,902 [Worker-4: Building] INFO  o.e.m.c.i.embedder.EclipseLogger - skip non existing resourceDirectory C:\MULTI-CURRENCY1\MultiCurrencyCodeBackup\SequroCMSAccountManagementService_app\src\test\resources
2026-05-18 12:20:41,847 [Worker-6: Loading available Gradle versions] INFO  o.e.b.c.i.u.g.PublishedGradleVersions - Gradle version information cache is up-to-date. Trying to read.
2026-05-18 12:22:17,241 [Worker-12: Building] WARN  o.e.m.c.i.embedder.EclipseLogger - The artifact mysql:mysql-connector-java:jar:8.0.31 has been relocated to com.mysql:mysql-connector-j:jar:8.0.31: MySQL Connector/J artifacts moved to reverse-DNS compliant Maven 2+ coordinates.
2026-05-18 12:22:17,244 [Worker-12: Building] WARN  o.e.m.c.i.embedder.EclipseLogger - The artifact com.lowagie:itext:jar:4.2.2 has been relocated to com.itextpdf:itextpdf:jar:5.5.6: After release 2.1.7, iText moved from the MPLicense to the AGPLicense.
			The groupId changed from com.lowagie to com.itextpdf and the artifactId from itext to itextpdf.
			See http://itextpdf.com/functionalitycomparison for more information.
2026-05-18 12:22:46,696 [Worker-12: Building] INFO  o.e.m.c.i.embedder.EclipseLogger - Using 'UTF-8' encoding to copy filtered resources.
2026-05-18 12:22:46,696 [Worker-12: Building] INFO  o.e.m.c.i.embedder.EclipseLogger - Using 'UTF-8' encoding to copy filtered properties files.
2026-05-18 12:22:46,776 [Worker-12: Building] INFO  o.e.m.c.i.embedder.EclipseLogger - Copying 1 resource
2026-05-18 12:22:46,976 [Worker-12: Building] INFO  o.e.m.c.i.embedder.EclipseLogger - Copying 1 resource
2026-05-18 12:22:46,982 [Worker-12: Building] INFO  o.e.m.c.i.embedder.EclipseLogger - Using 'UTF-8' encoding to copy filtered resources.
2026-05-18 12:22:46,982 [Worker-12: Building] INFO  o.e.m.c.i.embedder.EclipseLogger - Using 'UTF-8' encoding to copy filtered properties files.
2026-05-18 12:22:46,982 [Worker-12: Building] INFO  o.e.m.c.i.embedder.EclipseLogger - skip non existing resourceDirectory C:\MULTI-CURRENCY1\MultiCurrencyCodeBackup\SequroCMSAccountManagementService_app\src\test\resources
2026-05-18 12:28:58,679 [Worker-1: Loading available Gradle versions] INFO  o.e.b.c.i.u.g.PublishedGradleVersions - Gradle version information cache is up-to-date. Trying to read.
2026-05-18 12:46:23,646 [Worker-1: Loading available Gradle versions] INFO  o.e.b.c.i.u.g.PublishedGradleVersions - Gradle version information cache is up-to-date. Trying to read.
2026-05-18 14:32:54,244 [Worker-4: Loading available Gradle versions] INFO  o.e.b.c.i.u.g.PublishedGradleVersions - Gradle version information cache is up-to-date. Trying to read.
2026-05-18 14:33:08,744 [Worker-20: Building] WARN  o.e.m.c.i.embedder.EclipseLogger - The artifact mysql:mysql-connector-java:jar:8.0.31 has been relocated to com.mysql:mysql-connector-j:jar:8.0.31: MySQL Connector/J artifacts moved to reverse-DNS compliant Maven 2+ coordinates.
2026-05-18 14:33:08,745 [Worker-20: Building] WARN  o.e.m.c.i.embedder.EclipseLogger - The artifact com.lowagie:itext:jar:4.2.2 has been relocated to com.itextpdf:itextpdf:jar:5.5.6: After release 2.1.7, iText moved from the MPLicense to the AGPLicense.
			The groupId changed from com.lowagie to com.itextpdf and the artifactId from itext to itextpdf.
			See http://itextpdf.com/functionalitycomparison for more information.
2026-05-18 14:33:10,034 [Worker-20: Building] WARN  o.e.m.c.i.embedder.EclipseLogger - The artifact mysql:mysql-connector-java:jar:8.0.31 has been relocated to com.mysql:mysql-connector-j:jar:8.0.31: MySQL Connector/J artifacts moved to reverse-DNS compliant Maven 2+ coordinates.
2026-05-18 14:33:10,040 [Worker-20: Building] WARN  o.e.m.c.i.embedder.EclipseLogger - The artifact com.lowagie:itext:jar:4.2.2 has been relocated to com.itextpdf:itextpdf:jar:5.5.6: After release 2.1.7, iText moved from the MPLicense to the AGPLicense.
			The groupId changed from com.lowagie to com.itextpdf and the artifactId from itext to itextpdf.
			See http://itextpdf.com/functionalitycomparison for more information.
2026-05-18 14:33:12,190 [Worker-20: Building] INFO  o.e.m.c.i.l.LifecycleMappingFactory - Using org.eclipse.m2e.jdt.JarLifecycleMapping lifecycle mapping for MavenProject: ams.cms:AMSCMSAccountManagementService:0.0.1 @ C:\MULTI-CURRENCY1\MultiCurrencyCodeBackup\SequroCMSAccountManagementService_app\pom.xml.
2026-05-18 14:33:12,201 [Worker-20: Building] WARN  o.e.m.c.i.embedder.EclipseLogger - The artifact mysql:mysql-connector-java:jar:8.0.31 has been relocated to com.mysql:mysql-connector-j:jar:8.0.31: MySQL Connector/J artifacts moved to reverse-DNS compliant Maven 2+ coordinates.
2026-05-18 14:33:12,202 [Worker-20: Building] WARN  o.e.m.c.i.embedder.EclipseLogger - The artifact com.lowagie:itext:jar:4.2.2 has been relocated to com.itextpdf:itextpdf:jar:5.5.6: After release 2.1.7, iText moved from the MPLicense to the AGPLicense.
			The groupId changed from com.lowagie to com.itextpdf and the artifactId from itext to itextpdf.
			See http://itextpdf.com/functionalitycomparison for more information.
2026-05-18 14:33:17,709 [Worker-20: Building] INFO  o.e.m.c.i.embedder.EclipseLogger - Using 'UTF-8' encoding to copy filtered resources.
2026-05-18 14:33:17,709 [Worker-20: Building] INFO  o.e.m.c.i.embedder.EclipseLogger - Using 'UTF-8' encoding to copy filtered properties files.
2026-05-18 14:33:17,713 [Worker-20: Building] INFO  o.e.m.c.i.embedder.EclipseLogger - Copying 1 resource
2026-05-18 14:33:17,729 [Worker-20: Building] INFO  o.e.m.c.i.embedder.EclipseLogger - Copying 1 resource
2026-05-18 14:33:17,738 [Worker-20: Building] INFO  o.e.m.c.i.embedder.EclipseLogger - Using 'UTF-8' encoding to copy filtered resources.
2026-05-18 14:33:17,738 [Worker-20: Building] INFO  o.e.m.c.i.embedder.EclipseLogger - Using 'UTF-8' encoding to copy filtered properties files.
2026-05-18 14:33:17,738 [Worker-20: Building] INFO  o.e.m.c.i.embedder.EclipseLogger - skip non existing resourceDirectory C:\MULTI-CURRENCY1\MultiCurrencyCodeBackup\SequroCMSAccountManagementService_app\src\test\resources
2026-05-18 14:33:34,262 [Worker-2: Loading available Gradle versions] INFO  o.e.b.c.i.u.g.PublishedGradleVersions - Gradle version information cache is up-to-date. Trying to read.
2026-05-18 14:37:46,141 [Worker-4: Cleaning all projects] WARN  o.e.m.c.i.embedder.EclipseLogger - The artifact mysql:mysql-connector-java:jar:8.0.31 has been relocated to com.mysql:mysql-connector-j:jar:8.0.31: MySQL Connector/J artifacts moved to reverse-DNS compliant Maven 2+ coordinates.
2026-05-18 14:37:46,143 [Worker-4: Cleaning all projects] WARN  o.e.m.c.i.embedder.EclipseLogger - The artifact com.lowagie:itext:jar:4.2.2 has been relocated to com.itextpdf:itextpdf:jar:5.5.6: After release 2.1.7, iText moved from the MPLicense to the AGPLicense.
			The groupId changed from com.lowagie to com.itextpdf and the artifactId from itext to itextpdf.
			See http://itextpdf.com/functionalitycomparison for more information.
2026-05-18 14:37:53,377 [Worker-22: Building] INFO  o.e.m.c.i.embedder.EclipseLogger - Using 'UTF-8' encoding to copy filtered resources.
2026-05-18 14:37:53,377 [Worker-22: Building] INFO  o.e.m.c.i.embedder.EclipseLogger - Using 'UTF-8' encoding to copy filtered properties files.
2026-05-18 14:37:53,381 [Worker-22: Building] INFO  o.e.m.c.i.embedder.EclipseLogger - Copying 1 resource
2026-05-18 14:37:53,404 [Worker-22: Building] INFO  o.e.m.c.i.embedder.EclipseLogger - Copying 1 resource
2026-05-18 14:37:53,418 [Worker-22: Building] INFO  o.e.m.c.i.embedder.EclipseLogger - Using 'UTF-8' encoding to copy filtered resources.
2026-05-18 14:37:53,418 [Worker-22: Building] INFO  o.e.m.c.i.embedder.EclipseLogger - Using 'UTF-8' encoding to copy filtered properties files.
2026-05-18 14:37:53,418 [Worker-22: Building] INFO  o.e.m.c.i.embedder.EclipseLogger - skip non existing resourceDirectory C:\MULTI-CURRENCY1\MultiCurrencyCodeBackup\SequroCMSAccountManagementService_app\src\test\resources
2026-05-18 15:06:29,598 [Worker-23: Building] INFO  o.e.m.c.i.embedder.EclipseLogger - Using 'UTF-8' encoding to copy filtered resources.
2026-05-18 15:06:29,649 [Worker-23: Building] INFO  o.e.m.c.i.embedder.EclipseLogger - Using 'UTF-8' encoding to copy filtered properties files.
2026-05-18 15:06:29,650 [Worker-23: Building] INFO  o.e.m.c.i.embedder.EclipseLogger - Copying 1 resource
2026-05-18 15:06:29,654 [Worker-23: Building] INFO  o.e.m.c.i.embedder.EclipseLogger - Copying 1 resource
2026-05-18 15:06:29,665 [Worker-23: Building] INFO  o.e.m.c.i.embedder.EclipseLogger - Using 'UTF-8' encoding to copy filtered resources.
2026-05-18 15:06:29,665 [Worker-23: Building] INFO  o.e.m.c.i.embedder.EclipseLogger - Using 'UTF-8' encoding to copy filtered properties files.
2026-05-18 15:06:29,665 [Worker-23: Building] INFO  o.e.m.c.i.embedder.EclipseLogger - skip non existing resourceDirectory C:\MULTI-CURRENCY1\MultiCurrencyCodeBackup\SequroCMSAccountManagementService_app\src\test\resources
2026-05-18 15:07:02,638 [Worker-24: Updating Maven Project] INFO  o.e.m.c.i.p.ProjectConfigurationManager - Update started
2026-05-18 15:07:03,518 [Worker-24: Updating Maven Project] INFO  o.e.m.c.i.l.LifecycleMappingFactory - Using org.eclipse.m2e.jdt.JarLifecycleMapping lifecycle mapping for MavenProject: ams.cms:AMSCMSAccountManagementService:0.0.1 @ C:\MULTI-CURRENCY1\MultiCurrencyCodeBackup\SequroCMSAccountManagementService_app\pom.xml.
2026-05-18 15:07:04,166 [Worker-24: Updating Maven Project] WARN  o.e.m.c.i.embedder.EclipseLogger - The artifact mysql:mysql-connector-java:jar:8.0.31 has been relocated to com.mysql:mysql-connector-j:jar:8.0.31: MySQL Connector/J artifacts moved to reverse-DNS compliant Maven 2+ coordinates.
2026-05-18 15:07:04,169 [Worker-24: Updating Maven Project] WARN  o.e.m.c.i.embedder.EclipseLogger - The artifact com.lowagie:itext:jar:4.2.2 has been relocated to com.itextpdf:itextpdf:jar:5.5.6: After release 2.1.7, iText moved from the MPLicense to the AGPLicense.
			The groupId changed from com.lowagie to com.itextpdf and the artifactId from itext to itextpdf.
			See http://itextpdf.com/functionalitycomparison for more information.
2026-05-18 15:07:05,108 [Worker-24: Updating Maven Project] INFO  o.e.m.j.i.AbstractJavaProjectConfigurator - Adding source folder /SequroCMSAccountManagementService/src/main/java
2026-05-18 15:07:05,109 [Worker-24: Updating Maven Project] INFO  o.e.m.j.i.AbstractJavaProjectConfigurator - Adding resource folder /SequroCMSAccountManagementService/src/main/resources
2026-05-18 15:07:05,109 [Worker-24: Updating Maven Project] INFO  o.e.m.j.i.AbstractJavaProjectConfigurator - Adding resource folder /SequroCMSAccountManagementService/src/main/resources
2026-05-18 15:07:05,110 [Worker-24: Updating Maven Project] INFO  o.e.m.j.i.AbstractJavaProjectConfigurator - Adding source folder /SequroCMSAccountManagementService/src/test/java
2026-05-18 15:07:05,110 [Worker-24: Updating Maven Project] INFO  o.e.m.j.i.AbstractJavaProjectConfigurator - Adding resource folder /SequroCMSAccountManagementService/src/test/resources
2026-05-18 15:07:07,549 [Worker-24: Updating Maven Project] INFO  o.e.m.c.i.p.ProjectConfigurationManager - Update completed for 1 poms: local refresh takes 0.00 sec, refresh facades takes 1.00 sec, update config takes 0.00 sec 
2026-05-18 15:07:11,644 [Worker-26: Building] INFO  o.e.m.c.i.embedder.EclipseLogger - Using 'UTF-8' encoding to copy filtered resources.
2026-05-18 15:07:11,644 [Worker-26: Building] INFO  o.e.m.c.i.embedder.EclipseLogger - Using 'UTF-8' encoding to copy filtered properties files.
2026-05-18 15:07:11,645 [Worker-26: Building] INFO  o.e.m.c.i.embedder.EclipseLogger - Copying 1 resource
2026-05-18 15:07:11,669 [Worker-26: Building] INFO  o.e.m.c.i.embedder.EclipseLogger - Copying 1 resource
2026-05-18 15:07:11,681 [Worker-26: Building] INFO  o.e.m.c.i.embedder.EclipseLogger - Using 'UTF-8' encoding to copy filtered resources.
2026-05-18 15:07:11,682 [Worker-26: Building] INFO  o.e.m.c.i.embedder.EclipseLogger - Using 'UTF-8' encoding to copy filtered properties files.
2026-05-18 15:07:11,682 [Worker-26: Building] INFO  o.e.m.c.i.embedder.EclipseLogger - skip non existing resourceDirectory C:\MULTI-CURRENCY1\MultiCurrencyCodeBackup\SequroCMSAccountManagementService_app\src\test\resources
2026-05-18 15:11:16,794 [main] INFO  o.e.m2e.actions.ExecutePomAction - Creating new launch configuration
2026-05-18 15:11:35,686 [Worker-30: Launching SequroCMSAccountManagementService_app] INFO  o.eclipse.m2e.core.internal.Bundles - getClasspathEntries(Bundle=org.eclipse.m2e.maven.runtime_3.9.500.20231113-2345 [347])
2026-05-18 15:11:35,688 [Worker-30: Launching SequroCMSAccountManagementService_app] INFO  o.eclipse.m2e.core.internal.Bundles - 	Entry: C:\Users\nadka\Downloads\eclipse-dsl-2023-12-R-win32-x86_64\eclipse\plugins\org.eclipse.m2e.maven.runtime_3.9.500.20231113-2345
2026-05-18 15:11:35,689 [Worker-30: Launching SequroCMSAccountManagementService_app] INFO  o.eclipse.m2e.core.internal.Bundles - 	Entry: C:\Users\nadka\Downloads\eclipse-dsl-2023-12-R-win32-x86_64\eclipse\plugins\org.eclipse.m2e.maven.runtime_3.9.500.20231113-2345\jars\aopalliance-1.0.jar
2026-05-18 15:11:35,689 [Worker-30: Launching SequroCMSAccountManagementService_app] INFO  o.eclipse.m2e.core.internal.Bundles - 	Entry: C:\Users\nadka\Downloads\eclipse-dsl-2023-12-R-win32-x86_64\eclipse\plugins\org.eclipse.m2e.maven.runtime_3.9.500.20231113-2345\jars\guice-5.1.0.jar
2026-05-18 15:11:35,689 [Worker-30: Launching SequroCMSAccountManagementService_app] INFO  o.eclipse.m2e.core.internal.Bundles - 	Entry: C:\Users\nadka\Downloads\eclipse-dsl-2023-12-R-win32-x86_64\eclipse\plugins\org.eclipse.m2e.maven.runtime_3.9.500.20231113-2345\jars\httpclient-4.5.14.jar
2026-05-18 15:11:35,689 [Worker-30: Launching SequroCMSAccountManagementService_app] INFO  o.eclipse.m2e.core.internal.Bundles - 	Entry: C:\Users\nadka\Downloads\eclipse-dsl-2023-12-R-win32-x86_64\eclipse\plugins\org.eclipse.m2e.maven.runtime_3.9.500.20231113-2345\jars\httpcore-4.4.16.jar
2026-05-18 15:11:35,690 [Worker-30: Launching SequroCMSAccountManagementService_app] INFO  o.eclipse.m2e.core.internal.Bundles - 	Entry: C:\Users\nadka\Downloads\eclipse-dsl-2023-12-R-win32-x86_64\eclipse\plugins\org.eclipse.m2e.maven.runtime_3.9.500.20231113-2345\jars\jansi-2.4.0.jar
2026-05-18 15:11:35,690 [Worker-30: Launching SequroCMSAccountManagementService_app] INFO  o.eclipse.m2e.core.internal.Bundles - 	Entry: C:\Users\nadka\Downloads\eclipse-dsl-2023-12-R-win32-x86_64\eclipse\plugins\org.eclipse.m2e.maven.runtime_3.9.500.20231113-2345\jars\jcl-over-slf4j-1.7.36.jar
2026-05-18 15:11:35,690 [Worker-30: Launching SequroCMSAccountManagementService_app] INFO  o.eclipse.m2e.core.internal.Bundles - 	Entry: C:\Users\nadka\Downloads\eclipse-dsl-2023-12-R-win32-x86_64\eclipse\plugins\org.eclipse.m2e.maven.runtime_3.9.500.20231113-2345\jars\maven-artifact-3.9.5.jar
2026-05-18 15:11:35,690 [Worker-30: Launching SequroCMSAccountManagementService_app] INFO  o.eclipse.m2e.core.internal.Bundles - 	Entry: C:\Users\nadka\Downloads\eclipse-dsl-2023-12-R-win32-x86_64\eclipse\plugins\org.eclipse.m2e.maven.runtime_3.9.500.20231113-2345\jars\maven-builder-support-3.9.5.jar
2026-05-18 15:11:35,690 [Worker-30: Launching SequroCMSAccountManagementService_app] INFO  o.eclipse.m2e.core.internal.Bundles - 	Entry: C:\Users\nadka\Downloads\eclipse-dsl-2023-12-R-win32-x86_64\eclipse\plugins\org.eclipse.m2e.maven.runtime_3.9.500.20231113-2345\jars\maven-compat-3.9.5.jar
2026-05-18 15:11:35,690 [Worker-30: Launching SequroCMSAccountManagementService_app] INFO  o.eclipse.m2e.core.internal.Bundles - 	Entry: C:\Users\nadka\Downloads\eclipse-dsl-2023-12-R-win32-x86_64\eclipse\plugins\org.eclipse.m2e.maven.runtime_3.9.500.20231113-2345\jars\maven-core-3.9.5.jar
2026-05-18 15:11:35,690 [Worker-30: Launching SequroCMSAccountManagementService_app] INFO  o.eclipse.m2e.core.internal.Bundles - 	Entry: C:\Users\nadka\Downloads\eclipse-dsl-2023-12-R-win32-x86_64\eclipse\plugins\org.eclipse.m2e.maven.runtime_3.9.500.20231113-2345\jars\maven-embedder-3.9.5.jar
2026-05-18 15:11:35,690 [Worker-30: Launching SequroCMSAccountManagementService_app] INFO  o.eclipse.m2e.core.internal.Bundles - 	Entry: C:\Users\nadka\Downloads\eclipse-dsl-2023-12-R-win32-x86_64\eclipse\plugins\org.eclipse.m2e.maven.runtime_3.9.500.20231113-2345\jars\maven-model-3.9.5.jar
2026-05-18 15:11:35,690 [Worker-30: Launching SequroCMSAccountManagementService_app] INFO  o.eclipse.m2e.core.internal.Bundles - 	Entry: C:\Users\nadka\Downloads\eclipse-dsl-2023-12-R-win32-x86_64\eclipse\plugins\org.eclipse.m2e.maven.runtime_3.9.500.20231113-2345\jars\maven-model-builder-3.9.5.jar
2026-05-18 15:11:35,690 [Worker-30: Launching SequroCMSAccountManagementService_app] INFO  o.eclipse.m2e.core.internal.Bundles - 	Entry: C:\Users\nadka\Downloads\eclipse-dsl-2023-12-R-win32-x86_64\eclipse\plugins\org.eclipse.m2e.maven.runtime_3.9.500.20231113-2345\jars\maven-plugin-api-3.9.5.jar
2026-05-18 15:11:35,691 [Worker-30: Launching SequroCMSAccountManagementService_app] INFO  o.eclipse.m2e.core.internal.Bundles - 	Entry: C:\Users\nadka\Downloads\eclipse-dsl-2023-12-R-win32-x86_64\eclipse\plugins\org.eclipse.m2e.maven.runtime_3.9.500.20231113-2345\jars\maven-repository-metadata-3.9.5.jar
2026-05-18 15:11:35,691 [Worker-30: Launching SequroCMSAccountManagementService_app] INFO  o.eclipse.m2e.core.internal.Bundles - 	Entry: C:\Users\nadka\Downloads\eclipse-dsl-2023-12-R-win32-x86_64\eclipse\plugins\org.eclipse.m2e.maven.runtime_3.9.500.20231113-2345\jars\maven-resolver-api-1.9.16.jar
2026-05-18 15:11:35,691 [Worker-30: Launching SequroCMSAccountManagementService_app] INFO  o.eclipse.m2e.core.internal.Bundles - 	Entry: C:\Users\nadka\Downloads\eclipse-dsl-2023-12-R-win32-x86_64\eclipse\plugins\org.eclipse.m2e.maven.runtime_3.9.500.20231113-2345\jars\maven-resolver-connector-basic-1.9.16.jar
2026-05-18 15:11:35,692 [Worker-30: Launching SequroCMSAccountManagementService_app] INFO  o.eclipse.m2e.core.internal.Bundles - 	Entry: C:\Users\nadka\Downloads\eclipse-dsl-2023-12-R-win32-x86_64\eclipse\plugins\org.eclipse.m2e.maven.runtime_3.9.500.20231113-2345\jars\maven-resolver-impl-1.9.16.jar
2026-05-18 15:11:35,692 [Worker-30: Launching SequroCMSAccountManagementService_app] INFO  o.eclipse.m2e.core.internal.Bundles - 	Entry: C:\Users\nadka\Downloads\eclipse-dsl-2023-12-R-win32-x86_64\eclipse\plugins\org.eclipse.m2e.maven.runtime_3.9.500.20231113-2345\jars\maven-resolver-named-locks-1.9.16.jar
2026-05-18 15:11:35,692 [Worker-30: Launching SequroCMSAccountManagementService_app] INFO  o.eclipse.m2e.core.internal.Bundles - 	Entry: C:\Users\nadka\Downloads\eclipse-dsl-2023-12-R-win32-x86_64\eclipse\plugins\org.eclipse.m2e.maven.runtime_3.9.500.20231113-2345\jars\maven-resolver-provider-3.9.5.jar
2026-05-18 15:11:35,692 [Worker-30: Launching SequroCMSAccountManagementService_app] INFO  o.eclipse.m2e.core.internal.Bundles - 	Entry: C:\Users\nadka\Downloads\eclipse-dsl-2023-12-R-win32-x86_64\eclipse\plugins\org.eclipse.m2e.maven.runtime_3.9.500.20231113-2345\jars\maven-resolver-spi-1.9.16.jar
2026-05-18 15:11:35,692 [Worker-30: Launching SequroCMSAccountManagementService_app] INFO  o.eclipse.m2e.core.internal.Bundles - 	Entry: C:\Users\nadka\Downloads\eclipse-dsl-2023-12-R-win32-x86_64\eclipse\plugins\org.eclipse.m2e.maven.runtime_3.9.500.20231113-2345\jars\maven-resolver-transport-file-1.9.16.jar
2026-05-18 15:11:35,692 [Worker-30: Launching SequroCMSAccountManagementService_app] INFO  o.eclipse.m2e.core.internal.Bundles - 	Entry: C:\Users\nadka\Downloads\eclipse-dsl-2023-12-R-win32-x86_64\eclipse\plugins\org.eclipse.m2e.maven.runtime_3.9.500.20231113-2345\jars\maven-resolver-transport-http-1.9.16.jar
2026-05-18 15:11:35,692 [Worker-30: Launching SequroCMSAccountManagementService_app] INFO  o.eclipse.m2e.core.internal.Bundles - 	Entry: C:\Users\nadka\Downloads\eclipse-dsl-2023-12-R-win32-x86_64\eclipse\plugins\org.eclipse.m2e.maven.runtime_3.9.500.20231113-2345\jars\maven-resolver-transport-wagon-1.9.16.jar
2026-05-18 15:11:35,692 [Worker-30: Launching SequroCMSAccountManagementService_app] INFO  o.eclipse.m2e.core.internal.Bundles - 	Entry: C:\Users\nadka\Downloads\eclipse-dsl-2023-12-R-win32-x86_64\eclipse\plugins\org.eclipse.m2e.maven.runtime_3.9.500.20231113-2345\jars\maven-resolver-util-1.9.16.jar
2026-05-18 15:11:35,692 [Worker-30: Launching SequroCMSAccountManagementService_app] INFO  o.eclipse.m2e.core.internal.Bundles - 	Entry: C:\Users\nadka\Downloads\eclipse-dsl-2023-12-R-win32-x86_64\eclipse\plugins\org.eclipse.m2e.maven.runtime_3.9.500.20231113-2345\jars\maven-settings-3.9.5.jar
2026-05-18 15:11:35,693 [Worker-30: Launching SequroCMSAccountManagementService_app] INFO  o.eclipse.m2e.core.internal.Bundles - 	Entry: C:\Users\nadka\Downloads\eclipse-dsl-2023-12-R-win32-x86_64\eclipse\plugins\org.eclipse.m2e.maven.runtime_3.9.500.20231113-2345\jars\maven-settings-builder-3.9.5.jar
2026-05-18 15:11:35,693 [Worker-30: Launching SequroCMSAccountManagementService_app] INFO  o.eclipse.m2e.core.internal.Bundles - 	Entry: C:\Users\nadka\Downloads\eclipse-dsl-2023-12-R-win32-x86_64\eclipse\plugins\org.eclipse.m2e.maven.runtime_3.9.500.20231113-2345\jars\maven-shared-utils-3.3.4.jar
2026-05-18 15:11:35,693 [Worker-30: Launching SequroCMSAccountManagementService_app] INFO  o.eclipse.m2e.core.internal.Bundles - 	Entry: C:\Users\nadka\Downloads\eclipse-dsl-2023-12-R-win32-x86_64\eclipse\plugins\org.eclipse.m2e.maven.runtime_3.9.500.20231113-2345\jars\org.eclipse.sisu.inject-0.3.5.jar
2026-05-18 15:11:35,693 [Worker-30: Launching SequroCMSAccountManagementService_app] INFO  o.eclipse.m2e.core.internal.Bundles - 	Entry: C:\Users\nadka\Downloads\eclipse-dsl-2023-12-R-win32-x86_64\eclipse\plugins\org.eclipse.m2e.maven.runtime_3.9.500.20231113-2345\jars\org.eclipse.sisu.plexus-0.3.5.jar
2026-05-18 15:11:35,693 [Worker-30: Launching SequroCMSAccountManagementService_app] INFO  o.eclipse.m2e.core.internal.Bundles - 	Entry: C:\Users\nadka\Downloads\eclipse-dsl-2023-12-R-win32-x86_64\eclipse\plugins\org.eclipse.m2e.maven.runtime_3.9.500.20231113-2345\jars\plexus-build-api-0.0.7.jar
2026-05-18 15:11:35,694 [Worker-30: Launching SequroCMSAccountManagementService_app] INFO  o.eclipse.m2e.core.internal.Bundles - 	Entry: C:\Users\nadka\Downloads\eclipse-dsl-2023-12-R-win32-x86_64\eclipse\plugins\org.eclipse.m2e.maven.runtime_3.9.500.20231113-2345\jars\plexus-cipher-2.0.jar
2026-05-18 15:11:35,694 [Worker-30: Launching SequroCMSAccountManagementService_app] INFO  o.eclipse.m2e.core.internal.Bundles - 	Entry: C:\Users\nadka\Downloads\eclipse-dsl-2023-12-R-win32-x86_64\eclipse\plugins\org.eclipse.m2e.maven.runtime_3.9.500.20231113-2345\jars\plexus-classworlds-2.7.0.jar
2026-05-18 15:11:35,694 [Worker-30: Launching SequroCMSAccountManagementService_app] INFO  o.eclipse.m2e.core.internal.Bundles - 	Entry: C:\Users\nadka\Downloads\eclipse-dsl-2023-12-R-win32-x86_64\eclipse\plugins\org.eclipse.m2e.maven.runtime_3.9.500.20231113-2345\jars\plexus-component-annotations-2.1.0.jar
2026-05-18 15:11:35,694 [Worker-30: Launching SequroCMSAccountManagementService_app] INFO  o.eclipse.m2e.core.internal.Bundles - 	Entry: C:\Users\nadka\Downloads\eclipse-dsl-2023-12-R-win32-x86_64\eclipse\plugins\org.eclipse.m2e.maven.runtime_3.9.500.20231113-2345\jars\plexus-interpolation-1.26.jar
2026-05-18 15:11:35,694 [Worker-30: Launching SequroCMSAccountManagementService_app] INFO  o.eclipse.m2e.core.internal.Bundles - 	Entry: C:\Users\nadka\Downloads\eclipse-dsl-2023-12-R-win32-x86_64\eclipse\plugins\org.eclipse.m2e.maven.runtime_3.9.500.20231113-2345\jars\plexus-sec-dispatcher-2.0.jar
2026-05-18 15:11:35,694 [Worker-30: Launching SequroCMSAccountManagementService_app] INFO  o.eclipse.m2e.core.internal.Bundles - 	Entry: C:\Users\nadka\Downloads\eclipse-dsl-2023-12-R-win32-x86_64\eclipse\plugins\org.eclipse.m2e.maven.runtime_3.9.500.20231113-2345\jars\plexus-utils-3.5.1.jar
2026-05-18 15:11:35,694 [Worker-30: Launching SequroCMSAccountManagementService_app] INFO  o.eclipse.m2e.core.internal.Bundles - 	Entry: C:\Users\nadka\Downloads\eclipse-dsl-2023-12-R-win32-x86_64\eclipse\plugins\org.eclipse.m2e.maven.runtime_3.9.500.20231113-2345\jars\wagon-file-3.5.3.jar
2026-05-18 15:11:35,695 [Worker-30: Launching SequroCMSAccountManagementService_app] INFO  o.eclipse.m2e.core.internal.Bundles - 	Entry: C:\Users\nadka\Downloads\eclipse-dsl-2023-12-R-win32-x86_64\eclipse\plugins\org.eclipse.m2e.maven.runtime_3.9.500.20231113-2345\jars\wagon-http-3.5.3.jar
2026-05-18 15:11:35,695 [Worker-30: Launching SequroCMSAccountManagementService_app] INFO  o.eclipse.m2e.core.internal.Bundles - 	Entry: C:\Users\nadka\Downloads\eclipse-dsl-2023-12-R-win32-x86_64\eclipse\plugins\org.eclipse.m2e.maven.runtime_3.9.500.20231113-2345\jars\wagon-http-shared-3.5.3.jar
2026-05-18 15:11:35,695 [Worker-30: Launching SequroCMSAccountManagementService_app] INFO  o.eclipse.m2e.core.internal.Bundles - 	Entry: C:\Users\nadka\Downloads\eclipse-dsl-2023-12-R-win32-x86_64\eclipse\plugins\org.eclipse.m2e.maven.runtime_3.9.500.20231113-2345\jars\wagon-provider-api-3.5.3.jar
2026-05-18 15:11:35,696 [Worker-30: Launching SequroCMSAccountManagementService_app] INFO  o.eclipse.m2e.core.internal.Bundles - getClasspathEntries(Bundle=com.google.guava_32.1.3.jre [12])
2026-05-18 15:11:35,697 [Worker-30: Launching SequroCMSAccountManagementService_app] INFO  o.eclipse.m2e.core.internal.Bundles - 	Entry: C:\Users\nadka\Downloads\eclipse-dsl-2023-12-R-win32-x86_64\eclipse\plugins\com.google.guava_32.1.3.jre.jar
2026-05-18 15:11:35,697 [Worker-30: Launching SequroCMSAccountManagementService_app] INFO  o.eclipse.m2e.core.internal.Bundles - getClasspathEntries(Bundle=slf4j.api_2.0.9 [624])
2026-05-18 15:11:35,697 [Worker-30: Launching SequroCMSAccountManagementService_app] INFO  o.eclipse.m2e.core.internal.Bundles - 	Entry: C:\Users\nadka\Downloads\eclipse-dsl-2023-12-R-win32-x86_64\eclipse\plugins\slf4j.api_2.0.9.jar
2026-05-18 15:11:35,697 [Worker-30: Launching SequroCMSAccountManagementService_app] INFO  o.eclipse.m2e.core.internal.Bundles - getClasspathEntries(Bundle=jakarta.inject.jakarta.inject-api_1.0.5 [25])
2026-05-18 15:11:35,699 [Worker-30: Launching SequroCMSAccountManagementService_app] INFO  o.eclipse.m2e.core.internal.Bundles - 	Entry: C:\Users\nadka\Downloads\eclipse-dsl-2023-12-R-win32-x86_64\eclipse\plugins\jakarta.inject.jakarta.inject-api_1.0.5.jar
2026-05-18 15:11:35,699 [Worker-30: Launching SequroCMSAccountManagementService_app] INFO  o.eclipse.m2e.core.internal.Bundles - getClasspathEntries(Bundle=jakarta.annotation-api_1.3.5 [23])
2026-05-18 15:11:35,699 [Worker-30: Launching SequroCMSAccountManagementService_app] INFO  o.eclipse.m2e.core.internal.Bundles - 	Entry: C:\Users\nadka\Downloads\eclipse-dsl-2023-12-R-win32-x86_64\eclipse\plugins\jakarta.annotation-api_1.3.5.jar
2026-05-18 15:11:35,699 [Worker-30: Launching SequroCMSAccountManagementService_app] INFO  o.eclipse.m2e.core.internal.Bundles - getClasspathEntries(Bundle=org.apache.commons.cli_1.6.0 [51])
2026-05-18 15:11:35,699 [Worker-30: Launching SequroCMSAccountManagementService_app] INFO  o.eclipse.m2e.core.internal.Bundles - 	Entry: C:\Users\nadka\Downloads\eclipse-dsl-2023-12-R-win32-x86_64\eclipse\plugins\org.apache.commons.cli_1.6.0.jar
2026-05-18 15:11:35,699 [Worker-30: Launching SequroCMSAccountManagementService_app] INFO  o.eclipse.m2e.core.internal.Bundles - getClasspathEntries(Bundle=org.apache.commons.commons-codec_1.16.0 [52])
2026-05-18 15:11:35,699 [Worker-30: Launching SequroCMSAccountManagementService_app] INFO  o.eclipse.m2e.core.internal.Bundles - 	Entry: C:\Users\nadka\Downloads\eclipse-dsl-2023-12-R-win32-x86_64\eclipse\plugins\org.apache.commons.commons-codec_1.16.0.jar
2026-05-18 15:11:35,700 [Worker-30: Launching SequroCMSAccountManagementService_app] INFO  o.eclipse.m2e.core.internal.Bundles - getClasspathEntries(Bundle=org.apache.commons.lang3_3.13.0 [56])
2026-05-18 15:11:35,700 [Worker-30: Launching SequroCMSAccountManagementService_app] INFO  o.eclipse.m2e.core.internal.Bundles - 	Entry: C:\Users\nadka\Downloads\eclipse-dsl-2023-12-R-win32-x86_64\eclipse\plugins\org.apache.commons.lang3_3.13.0.jar
2026-05-18 15:11:35,700 [Worker-30: Launching SequroCMSAccountManagementService_app] INFO  o.eclipse.m2e.core.internal.Bundles - getClasspathEntries(Bundle=com.google.guava.failureaccess_1.0.2 [13])
2026-05-18 15:11:35,700 [Worker-30: Launching SequroCMSAccountManagementService_app] INFO  o.eclipse.m2e.core.internal.Bundles - 	Entry: C:\Users\nadka\Downloads\eclipse-dsl-2023-12-R-win32-x86_64\eclipse\plugins\com.google.guava.failureaccess_1.0.2.jar
2026-05-18 15:11:35,703 [Worker-30: Launching SequroCMSAccountManagementService_app] INFO  o.e.m.i.launch.MavenLaunchDelegate - Run build in "C:\MULTI-CURRENCY1\MultiCurrencyCodeBackup\SequroCMSAccountManagementService_app":
2026-05-18 15:11:35,709 [Worker-30: Launching SequroCMSAccountManagementService_app] INFO  o.e.m.i.launch.MavenLaunchDelegate -  mvn  -B -Dstyle.color=always clean install
2026-05-18 15:12:25,095 [main] INFO  o.e.m2e.actions.ExecutePomAction - Creating new launch configuration
2026-05-18 15:12:43,473 [Worker-31: Launching SequroCMSAccountManagementService_app] INFO  o.eclipse.m2e.core.internal.Bundles - getClasspathEntries(Bundle=org.eclipse.m2e.maven.runtime_3.9.500.20231113-2345 [347])
2026-05-18 15:12:43,474 [Worker-31: Launching SequroCMSAccountManagementService_app] INFO  o.eclipse.m2e.core.internal.Bundles - 	Entry: C:\Users\nadka\Downloads\eclipse-dsl-2023-12-R-win32-x86_64\eclipse\plugins\org.eclipse.m2e.maven.runtime_3.9.500.20231113-2345
2026-05-18 15:12:43,475 [Worker-31: Launching SequroCMSAccountManagementService_app] INFO  o.eclipse.m2e.core.internal.Bundles - 	Entry: C:\Users\nadka\Downloads\eclipse-dsl-2023-12-R-win32-x86_64\eclipse\plugins\org.eclipse.m2e.maven.runtime_3.9.500.20231113-2345\jars\aopalliance-1.0.jar
2026-05-18 15:12:43,475 [Worker-31: Launching SequroCMSAccountManagementService_app] INFO  o.eclipse.m2e.core.internal.Bundles - 	Entry: C:\Users\nadka\Downloads\eclipse-dsl-2023-12-R-win32-x86_64\eclipse\plugins\org.eclipse.m2e.maven.runtime_3.9.500.20231113-2345\jars\guice-5.1.0.jar
2026-05-18 15:12:43,475 [Worker-31: Launching SequroCMSAccountManagementService_app] INFO  o.eclipse.m2e.core.internal.Bundles - 	Entry: C:\Users\nadka\Downloads\eclipse-dsl-2023-12-R-win32-x86_64\eclipse\plugins\org.eclipse.m2e.maven.runtime_3.9.500.20231113-2345\jars\httpclient-4.5.14.jar
2026-05-18 15:12:43,476 [Worker-31: Launching SequroCMSAccountManagementService_app] INFO  o.eclipse.m2e.core.internal.Bundles - 	Entry: C:\Users\nadka\Downloads\eclipse-dsl-2023-12-R-win32-x86_64\eclipse\plugins\org.eclipse.m2e.maven.runtime_3.9.500.20231113-2345\jars\httpcore-4.4.16.jar
2026-05-18 15:12:43,476 [Worker-31: Launching SequroCMSAccountManagementService_app] INFO  o.eclipse.m2e.core.internal.Bundles - 	Entry: C:\Users\nadka\Downloads\eclipse-dsl-2023-12-R-win32-x86_64\eclipse\plugins\org.eclipse.m2e.maven.runtime_3.9.500.20231113-2345\jars\jansi-2.4.0.jar
2026-05-18 15:12:43,476 [Worker-31: Launching SequroCMSAccountManagementService_app] INFO  o.eclipse.m2e.core.internal.Bundles - 	Entry: C:\Users\nadka\Downloads\eclipse-dsl-2023-12-R-win32-x86_64\eclipse\plugins\org.eclipse.m2e.maven.runtime_3.9.500.20231113-2345\jars\jcl-over-slf4j-1.7.36.jar
2026-05-18 15:12:43,476 [Worker-31: Launching SequroCMSAccountManagementService_app] INFO  o.eclipse.m2e.core.internal.Bundles - 	Entry: C:\Users\nadka\Downloads\eclipse-dsl-2023-12-R-win32-x86_64\eclipse\plugins\org.eclipse.m2e.maven.runtime_3.9.500.20231113-2345\jars\maven-artifact-3.9.5.jar
2026-05-18 15:12:43,476 [Worker-31: Launching SequroCMSAccountManagementService_app] INFO  o.eclipse.m2e.core.internal.Bundles - 	Entry: C:\Users\nadka\Downloads\eclipse-dsl-2023-12-R-win32-x86_64\eclipse\plugins\org.eclipse.m2e.maven.runtime_3.9.500.20231113-2345\jars\maven-builder-support-3.9.5.jar
2026-05-18 15:12:43,476 [Worker-31: Launching SequroCMSAccountManagementService_app] INFO  o.eclipse.m2e.core.internal.Bundles - 	Entry: C:\Users\nadka\Downloads\eclipse-dsl-2023-12-R-win32-x86_64\eclipse\plugins\org.eclipse.m2e.maven.runtime_3.9.500.20231113-2345\jars\maven-compat-3.9.5.jar
2026-05-18 15:12:43,476 [Worker-31: Launching SequroCMSAccountManagementService_app] INFO  o.eclipse.m2e.core.internal.Bundles - 	Entry: C:\Users\nadka\Downloads\eclipse-dsl-2023-12-R-win32-x86_64\eclipse\plugins\org.eclipse.m2e.maven.runtime_3.9.500.20231113-2345\jars\maven-core-3.9.5.jar
2026-05-18 15:12:43,477 [Worker-31: Launching SequroCMSAccountManagementService_app] INFO  o.eclipse.m2e.core.internal.Bundles - 	Entry: C:\Users\nadka\Downloads\eclipse-dsl-2023-12-R-win32-x86_64\eclipse\plugins\org.eclipse.m2e.maven.runtime_3.9.500.20231113-2345\jars\maven-embedder-3.9.5.jar
2026-05-18 15:12:43,477 [Worker-31: Launching SequroCMSAccountManagementService_app] INFO  o.eclipse.m2e.core.internal.Bundles - 	Entry: C:\Users\nadka\Downloads\eclipse-dsl-2023-12-R-win32-x86_64\eclipse\plugins\org.eclipse.m2e.maven.runtime_3.9.500.20231113-2345\jars\maven-model-3.9.5.jar
2026-05-18 15:12:43,477 [Worker-31: Launching SequroCMSAccountManagementService_app] INFO  o.eclipse.m2e.core.internal.Bundles - 	Entry: C:\Users\nadka\Downloads\eclipse-dsl-2023-12-R-win32-x86_64\eclipse\plugins\org.eclipse.m2e.maven.runtime_3.9.500.20231113-2345\jars\maven-model-builder-3.9.5.jar
2026-05-18 15:12:43,477 [Worker-31: Launching SequroCMSAccountManagementService_app] INFO  o.eclipse.m2e.core.internal.Bundles - 	Entry: C:\Users\nadka\Downloads\eclipse-dsl-2023-12-R-win32-x86_64\eclipse\plugins\org.eclipse.m2e.maven.runtime_3.9.500.20231113-2345\jars\maven-plugin-api-3.9.5.jar
2026-05-18 15:12:43,477 [Worker-31: Launching SequroCMSAccountManagementService_app] INFO  o.eclipse.m2e.core.internal.Bundles - 	Entry: C:\Users\nadka\Downloads\eclipse-dsl-2023-12-R-win32-x86_64\eclipse\plugins\org.eclipse.m2e.maven.runtime_3.9.500.20231113-2345\jars\maven-repository-metadata-3.9.5.jar
2026-05-18 15:12:43,477 [Worker-31: Launching SequroCMSAccountManagementService_app] INFO  o.eclipse.m2e.core.internal.Bundles - 	Entry: C:\Users\nadka\Downloads\eclipse-dsl-2023-12-R-win32-x86_64\eclipse\plugins\org.eclipse.m2e.maven.runtime_3.9.500.20231113-2345\jars\maven-resolver-api-1.9.16.jar
2026-05-18 15:12:43,477 [Worker-31: Launching SequroCMSAccountManagementService_app] INFO  o.eclipse.m2e.core.internal.Bundles - 	Entry: C:\Users\nadka\Downloads\eclipse-dsl-2023-12-R-win32-x86_64\eclipse\plugins\org.eclipse.m2e.maven.runtime_3.9.500.20231113-2345\jars\maven-resolver-connector-basic-1.9.16.jar
2026-05-18 15:12:43,477 [Worker-31: Launching SequroCMSAccountManagementService_app] INFO  o.eclipse.m2e.core.internal.Bundles - 	Entry: C:\Users\nadka\Downloads\eclipse-dsl-2023-12-R-win32-x86_64\eclipse\plugins\org.eclipse.m2e.maven.runtime_3.9.500.20231113-2345\jars\maven-resolver-impl-1.9.16.jar
2026-05-18 15:12:43,477 [Worker-31: Launching SequroCMSAccountManagementService_app] INFO  o.eclipse.m2e.core.internal.Bundles - 	Entry: C:\Users\nadka\Downloads\eclipse-dsl-2023-12-R-win32-x86_64\eclipse\plugins\org.eclipse.m2e.maven.runtime_3.9.500.20231113-2345\jars\maven-resolver-named-locks-1.9.16.jar
2026-05-18 15:12:43,477 [Worker-31: Launching SequroCMSAccountManagementService_app] INFO  o.eclipse.m2e.core.internal.Bundles - 	Entry: C:\Users\nadka\Downloads\eclipse-dsl-2023-12-R-win32-x86_64\eclipse\plugins\org.eclipse.m2e.maven.runtime_3.9.500.20231113-2345\jars\maven-resolver-provider-3.9.5.jar
2026-05-18 15:12:43,477 [Worker-31: Launching SequroCMSAccountManagementService_app] INFO  o.eclipse.m2e.core.internal.Bundles - 	Entry: C:\Users\nadka\Downloads\eclipse-dsl-2023-12-R-win32-x86_64\eclipse\plugins\org.eclipse.m2e.maven.runtime_3.9.500.20231113-2345\jars\maven-resolver-spi-1.9.16.jar
2026-05-18 15:12:43,478 [Worker-31: Launching SequroCMSAccountManagementService_app] INFO  o.eclipse.m2e.core.internal.Bundles - 	Entry: C:\Users\nadka\Downloads\eclipse-dsl-2023-12-R-win32-x86_64\eclipse\plugins\org.eclipse.m2e.maven.runtime_3.9.500.20231113-2345\jars\maven-resolver-transport-file-1.9.16.jar
2026-05-18 15:12:43,478 [Worker-31: Launching SequroCMSAccountManagementService_app] INFO  o.eclipse.m2e.core.internal.Bundles - 	Entry: C:\Users\nadka\Downloads\eclipse-dsl-2023-12-R-win32-x86_64\eclipse\plugins\org.eclipse.m2e.maven.runtime_3.9.500.20231113-2345\jars\maven-resolver-transport-http-1.9.16.jar
2026-05-18 15:12:43,478 [Worker-31: Launching SequroCMSAccountManagementService_app] INFO  o.eclipse.m2e.core.internal.Bundles - 	Entry: C:\Users\nadka\Downloads\eclipse-dsl-2023-12-R-win32-x86_64\eclipse\plugins\org.eclipse.m2e.maven.runtime_3.9.500.20231113-2345\jars\maven-resolver-transport-wagon-1.9.16.jar
2026-05-18 15:12:43,478 [Worker-31: Launching SequroCMSAccountManagementService_app] INFO  o.eclipse.m2e.core.internal.Bundles - 	Entry: C:\Users\nadka\Downloads\eclipse-dsl-2023-12-R-win32-x86_64\eclipse\plugins\org.eclipse.m2e.maven.runtime_3.9.500.20231113-2345\jars\maven-resolver-util-1.9.16.jar
2026-05-18 15:12:43,478 [Worker-31: Launching SequroCMSAccountManagementService_app] INFO  o.eclipse.m2e.core.internal.Bundles - 	Entry: C:\Users\nadka\Downloads\eclipse-dsl-2023-12-R-win32-x86_64\eclipse\plugins\org.eclipse.m2e.maven.runtime_3.9.500.20231113-2345\jars\maven-settings-3.9.5.jar
2026-05-18 15:12:43,478 [Worker-31: Launching SequroCMSAccountManagementService_app] INFO  o.eclipse.m2e.core.internal.Bundles - 	Entry: C:\Users\nadka\Downloads\eclipse-dsl-2023-12-R-win32-x86_64\eclipse\plugins\org.eclipse.m2e.maven.runtime_3.9.500.20231113-2345\jars\maven-settings-builder-3.9.5.jar
2026-05-18 15:12:43,478 [Worker-31: Launching SequroCMSAccountManagementService_app] INFO  o.eclipse.m2e.core.internal.Bundles - 	Entry: C:\Users\nadka\Downloads\eclipse-dsl-2023-12-R-win32-x86_64\eclipse\plugins\org.eclipse.m2e.maven.runtime_3.9.500.20231113-2345\jars\maven-shared-utils-3.3.4.jar
2026-05-18 15:12:43,478 [Worker-31: Launching SequroCMSAccountManagementService_app] INFO  o.eclipse.m2e.core.internal.Bundles - 	Entry: C:\Users\nadka\Downloads\eclipse-dsl-2023-12-R-win32-x86_64\eclipse\plugins\org.eclipse.m2e.maven.runtime_3.9.500.20231113-2345\jars\org.eclipse.sisu.inject-0.3.5.jar
2026-05-18 15:12:43,478 [Worker-31: Launching SequroCMSAccountManagementService_app] INFO  o.eclipse.m2e.core.internal.Bundles - 	Entry: C:\Users\nadka\Downloads\eclipse-dsl-2023-12-R-win32-x86_64\eclipse\plugins\org.eclipse.m2e.maven.runtime_3.9.500.20231113-2345\jars\org.eclipse.sisu.plexus-0.3.5.jar
2026-05-18 15:12:43,479 [Worker-31: Launching SequroCMSAccountManagementService_app] INFO  o.eclipse.m2e.core.internal.Bundles - 	Entry: C:\Users\nadka\Downloads\eclipse-dsl-2023-12-R-win32-x86_64\eclipse\plugins\org.eclipse.m2e.maven.runtime_3.9.500.20231113-2345\jars\plexus-build-api-0.0.7.jar
2026-05-18 15:12:43,479 [Worker-31: Launching SequroCMSAccountManagementService_app] INFO  o.eclipse.m2e.core.internal.Bundles - 	Entry: C:\Users\nadka\Downloads\eclipse-dsl-2023-12-R-win32-x86_64\eclipse\plugins\org.eclipse.m2e.maven.runtime_3.9.500.20231113-2345\jars\plexus-cipher-2.0.jar
2026-05-18 15:12:43,479 [Worker-31: Launching SequroCMSAccountManagementService_app] INFO  o.eclipse.m2e.core.internal.Bundles - 	Entry: C:\Users\nadka\Downloads\eclipse-dsl-2023-12-R-win32-x86_64\eclipse\plugins\org.eclipse.m2e.maven.runtime_3.9.500.20231113-2345\jars\plexus-classworlds-2.7.0.jar
2026-05-18 15:12:43,479 [Worker-31: Launching SequroCMSAccountManagementService_app] INFO  o.eclipse.m2e.core.internal.Bundles - 	Entry: C:\Users\nadka\Downloads\eclipse-dsl-2023-12-R-win32-x86_64\eclipse\plugins\org.eclipse.m2e.maven.runtime_3.9.500.20231113-2345\jars\plexus-component-annotations-2.1.0.jar
2026-05-18 15:12:43,479 [Worker-31: Launching SequroCMSAccountManagementService_app] INFO  o.eclipse.m2e.core.internal.Bundles - 	Entry: C:\Users\nadka\Downloads\eclipse-dsl-2023-12-R-win32-x86_64\eclipse\plugins\org.eclipse.m2e.maven.runtime_3.9.500.20231113-2345\jars\plexus-interpolation-1.26.jar
2026-05-18 15:12:43,479 [Worker-31: Launching SequroCMSAccountManagementService_app] INFO  o.eclipse.m2e.core.internal.Bundles - 	Entry: C:\Users\nadka\Downloads\eclipse-dsl-2023-12-R-win32-x86_64\eclipse\plugins\org.eclipse.m2e.maven.runtime_3.9.500.20231113-2345\jars\plexus-sec-dispatcher-2.0.jar
2026-05-18 15:12:43,479 [Worker-31: Launching SequroCMSAccountManagementService_app] INFO  o.eclipse.m2e.core.internal.Bundles - 	Entry: C:\Users\nadka\Downloads\eclipse-dsl-2023-12-R-win32-x86_64\eclipse\plugins\org.eclipse.m2e.maven.runtime_3.9.500.20231113-2345\jars\plexus-utils-3.5.1.jar
2026-05-18 15:12:43,480 [Worker-31: Launching SequroCMSAccountManagementService_app] INFO  o.eclipse.m2e.core.internal.Bundles - 	Entry: C:\Users\nadka\Downloads\eclipse-dsl-2023-12-R-win32-x86_64\eclipse\plugins\org.eclipse.m2e.maven.runtime_3.9.500.20231113-2345\jars\wagon-file-3.5.3.jar
2026-05-18 15:12:43,480 [Worker-31: Launching SequroCMSAccountManagementService_app] INFO  o.eclipse.m2e.core.internal.Bundles - 	Entry: C:\Users\nadka\Downloads\eclipse-dsl-2023-12-R-win32-x86_64\eclipse\plugins\org.eclipse.m2e.maven.runtime_3.9.500.20231113-2345\jars\wagon-http-3.5.3.jar
2026-05-18 15:12:43,480 [Worker-31: Launching SequroCMSAccountManagementService_app] INFO  o.eclipse.m2e.core.internal.Bundles - 	Entry: C:\Users\nadka\Downloads\eclipse-dsl-2023-12-R-win32-x86_64\eclipse\plugins\org.eclipse.m2e.maven.runtime_3.9.500.20231113-2345\jars\wagon-http-shared-3.5.3.jar
2026-05-18 15:12:43,480 [Worker-31: Launching SequroCMSAccountManagementService_app] INFO  o.eclipse.m2e.core.internal.Bundles - 	Entry: C:\Users\nadka\Downloads\eclipse-dsl-2023-12-R-win32-x86_64\eclipse\plugins\org.eclipse.m2e.maven.runtime_3.9.500.20231113-2345\jars\wagon-provider-api-3.5.3.jar
2026-05-18 15:12:43,480 [Worker-31: Launching SequroCMSAccountManagementService_app] INFO  o.eclipse.m2e.core.internal.Bundles - getClasspathEntries(Bundle=com.google.guava_32.1.3.jre [12])
2026-05-18 15:12:43,482 [Worker-31: Launching SequroCMSAccountManagementService_app] INFO  o.eclipse.m2e.core.internal.Bundles - 	Entry: C:\Users\nadka\Downloads\eclipse-dsl-2023-12-R-win32-x86_64\eclipse\plugins\com.google.guava_32.1.3.jre.jar
2026-05-18 15:12:43,482 [Worker-31: Launching SequroCMSAccountManagementService_app] INFO  o.eclipse.m2e.core.internal.Bundles - getClasspathEntries(Bundle=slf4j.api_2.0.9 [624])
2026-05-18 15:12:43,482 [Worker-31: Launching SequroCMSAccountManagementService_app] INFO  o.eclipse.m2e.core.internal.Bundles - 	Entry: C:\Users\nadka\Downloads\eclipse-dsl-2023-12-R-win32-x86_64\eclipse\plugins\slf4j.api_2.0.9.jar
2026-05-18 15:12:43,482 [Worker-31: Launching SequroCMSAccountManagementService_app] INFO  o.eclipse.m2e.core.internal.Bundles - getClasspathEntries(Bundle=jakarta.inject.jakarta.inject-api_1.0.5 [25])
2026-05-18 15:12:43,482 [Worker-31: Launching SequroCMSAccountManagementService_app] INFO  o.eclipse.m2e.core.internal.Bundles - 	Entry: C:\Users\nadka\Downloads\eclipse-dsl-2023-12-R-win32-x86_64\eclipse\plugins\jakarta.inject.jakarta.inject-api_1.0.5.jar
2026-05-18 15:12:43,482 [Worker-31: Launching SequroCMSAccountManagementService_app] INFO  o.eclipse.m2e.core.internal.Bundles - getClasspathEntries(Bundle=jakarta.annotation-api_1.3.5 [23])
2026-05-18 15:12:43,483 [Worker-31: Launching SequroCMSAccountManagementService_app] INFO  o.eclipse.m2e.core.internal.Bundles - 	Entry: C:\Users\nadka\Downloads\eclipse-dsl-2023-12-R-win32-x86_64\eclipse\plugins\jakarta.annotation-api_1.3.5.jar
2026-05-18 15:12:43,483 [Worker-31: Launching SequroCMSAccountManagementService_app] INFO  o.eclipse.m2e.core.internal.Bundles - getClasspathEntries(Bundle=org.apache.commons.cli_1.6.0 [51])
2026-05-18 15:12:43,483 [Worker-31: Launching SequroCMSAccountManagementService_app] INFO  o.eclipse.m2e.core.internal.Bundles - 	Entry: C:\Users\nadka\Downloads\eclipse-dsl-2023-12-R-win32-x86_64\eclipse\plugins\org.apache.commons.cli_1.6.0.jar
2026-05-18 15:12:43,483 [Worker-31: Launching SequroCMSAccountManagementService_app] INFO  o.eclipse.m2e.core.internal.Bundles - getClasspathEntries(Bundle=org.apache.commons.commons-codec_1.16.0 [52])
2026-05-18 15:12:43,483 [Worker-31: Launching SequroCMSAccountManagementService_app] INFO  o.eclipse.m2e.core.internal.Bundles - 	Entry: C:\Users\nadka\Downloads\eclipse-dsl-2023-12-R-win32-x86_64\eclipse\plugins\org.apache.commons.commons-codec_1.16.0.jar
2026-05-18 15:12:43,483 [Worker-31: Launching SequroCMSAccountManagementService_app] INFO  o.eclipse.m2e.core.internal.Bundles - getClasspathEntries(Bundle=org.apache.commons.lang3_3.13.0 [56])
2026-05-18 15:12:43,484 [Worker-31: Launching SequroCMSAccountManagementService_app] INFO  o.eclipse.m2e.core.internal.Bundles - 	Entry: C:\Users\nadka\Downloads\eclipse-dsl-2023-12-R-win32-x86_64\eclipse\plugins\org.apache.commons.lang3_3.13.0.jar
2026-05-18 15:12:43,484 [Worker-31: Launching SequroCMSAccountManagementService_app] INFO  o.eclipse.m2e.core.internal.Bundles - getClasspathEntries(Bundle=com.google.guava.failureaccess_1.0.2 [13])
2026-05-18 15:12:43,484 [Worker-31: Launching SequroCMSAccountManagementService_app] INFO  o.eclipse.m2e.core.internal.Bundles - 	Entry: C:\Users\nadka\Downloads\eclipse-dsl-2023-12-R-win32-x86_64\eclipse\plugins\com.google.guava.failureaccess_1.0.2.jar
2026-05-18 15:12:43,486 [Worker-31: Launching SequroCMSAccountManagementService_app] INFO  o.e.m.i.launch.MavenLaunchDelegate - Run build in "C:\MULTI-CURRENCY1\MultiCurrencyCodeBackup\SequroCMSAccountManagementService_app":
2026-05-18 15:12:43,486 [Worker-31: Launching SequroCMSAccountManagementService_app] INFO  o.e.m.i.launch.MavenLaunchDelegate -  mvn  -B -Dmaven.test.skip=true -DskipTests -Dstyle.color=always clean install
2026-05-18 15:22:31,668 [Worker-32: Building] INFO  o.e.m.c.i.embedder.EclipseLogger - Using 'UTF-8' encoding to copy filtered resources.
2026-05-18 15:22:31,669 [Worker-32: Building] INFO  o.e.m.c.i.embedder.EclipseLogger - Using 'UTF-8' encoding to copy filtered properties files.
2026-05-18 15:22:31,673 [Worker-32: Building] INFO  o.e.m.c.i.embedder.EclipseLogger - Copying 0 resource
2026-05-18 15:22:31,675 [Worker-32: Building] INFO  o.e.m.c.i.embedder.EclipseLogger - Copying 1 resource
2026-05-18 15:22:31,683 [Worker-32: Building] INFO  o.e.m.c.i.embedder.EclipseLogger - Using 'UTF-8' encoding to copy filtered resources.
2026-05-18 15:22:31,683 [Worker-32: Building] INFO  o.e.m.c.i.embedder.EclipseLogger - Using 'UTF-8' encoding to copy filtered properties files.
2026-05-18 15:22:31,683 [Worker-32: Building] INFO  o.e.m.c.i.embedder.EclipseLogger - skip non existing resourceDirectory C:\MULTI-CURRENCY1\MultiCurrencyCodeBackup\SequroCMSAccountManagementService_app\src\test\resources
2026-05-28 11:47:22,607 [Worker-1: Loading available Gradle versions] INFO  o.e.b.c.i.u.g.PublishedGradleVersions - Gradle version information cache is up-to-date. Trying to read.
2026-05-28 11:47:31,711 [Worker-6: Building] WARN  o.e.m.c.i.embedder.EclipseLogger - The artifact mysql:mysql-connector-java:jar:8.0.31 has been relocated to com.mysql:mysql-connector-j:jar:8.0.31: MySQL Connector/J artifacts moved to reverse-DNS compliant Maven 2+ coordinates.
2026-05-28 11:47:31,715 [Worker-6: Building] WARN  o.e.m.c.i.embedder.EclipseLogger - The artifact com.lowagie:itext:jar:4.2.2 has been relocated to com.itextpdf:itextpdf:jar:5.5.6: After release 2.1.7, iText moved from the MPLicense to the AGPLicense.
			The groupId changed from com.lowagie to com.itextpdf and the artifactId from itext to itextpdf.
			See http://itextpdf.com/functionalitycomparison for more information.
2026-05-28 11:47:34,870 [Worker-6: Building] INFO  o.e.m.c.i.embedder.EclipseLogger - Using 'UTF-8' encoding to copy filtered resources.
2026-05-28 11:47:34,872 [Worker-6: Building] INFO  o.e.m.c.i.embedder.EclipseLogger - Using 'UTF-8' encoding to copy filtered properties files.
2026-05-28 11:47:34,880 [Worker-6: Building] INFO  o.e.m.c.i.embedder.EclipseLogger - Copying 1 resource
2026-05-28 11:47:34,933 [Worker-6: Building] INFO  o.e.m.c.i.embedder.EclipseLogger - Copying 1 resource
2026-05-28 11:47:34,953 [Worker-6: Building] INFO  o.e.m.c.i.embedder.EclipseLogger - Using 'UTF-8' encoding to copy filtered resources.
2026-05-28 11:47:34,953 [Worker-6: Building] INFO  o.e.m.c.i.embedder.EclipseLogger - Using 'UTF-8' encoding to copy filtered properties files.
2026-05-28 11:47:34,953 [Worker-6: Building] INFO  o.e.m.c.i.embedder.EclipseLogger - skip non existing resourceDirectory C:\MULTI-CURRENCY1\MultiCurrencyCodeBackup\SequroCMSAccountManagementService_app\src\test\resources
2026-05-28 11:49:14,546 [Worker-25: Launching SequroCMSAccountManagementService_app] INFO  o.eclipse.m2e.core.internal.Bundles - getClasspathEntries(Bundle=org.eclipse.m2e.maven.runtime_3.9.500.20231113-2345 [347])
2026-05-28 11:49:14,549 [Worker-25: Launching SequroCMSAccountManagementService_app] INFO  o.eclipse.m2e.core.internal.Bundles - 	Entry: C:\Users\nadka\Downloads\eclipse-dsl-2023-12-R-win32-x86_64\eclipse\plugins\org.eclipse.m2e.maven.runtime_3.9.500.20231113-2345
2026-05-28 11:49:14,550 [Worker-25: Launching SequroCMSAccountManagementService_app] INFO  o.eclipse.m2e.core.internal.Bundles - 	Entry: C:\Users\nadka\Downloads\eclipse-dsl-2023-12-R-win32-x86_64\eclipse\plugins\org.eclipse.m2e.maven.runtime_3.9.500.20231113-2345\jars\aopalliance-1.0.jar
2026-05-28 11:49:14,550 [Worker-25: Launching SequroCMSAccountManagementService_app] INFO  o.eclipse.m2e.core.internal.Bundles - 	Entry: C:\Users\nadka\Downloads\eclipse-dsl-2023-12-R-win32-x86_64\eclipse\plugins\org.eclipse.m2e.maven.runtime_3.9.500.20231113-2345\jars\guice-5.1.0.jar
2026-05-28 11:49:14,550 [Worker-25: Launching SequroCMSAccountManagementService_app] INFO  o.eclipse.m2e.core.internal.Bundles - 	Entry: C:\Users\nadka\Downloads\eclipse-dsl-2023-12-R-win32-x86_64\eclipse\plugins\org.eclipse.m2e.maven.runtime_3.9.500.20231113-2345\jars\httpclient-4.5.14.jar
2026-05-28 11:49:14,550 [Worker-25: Launching SequroCMSAccountManagementService_app] INFO  o.eclipse.m2e.core.internal.Bundles - 	Entry: C:\Users\nadka\Downloads\eclipse-dsl-2023-12-R-win32-x86_64\eclipse\plugins\org.eclipse.m2e.maven.runtime_3.9.500.20231113-2345\jars\httpcore-4.4.16.jar
2026-05-28 11:49:14,551 [Worker-25: Launching SequroCMSAccountManagementService_app] INFO  o.eclipse.m2e.core.internal.Bundles - 	Entry: C:\Users\nadka\Downloads\eclipse-dsl-2023-12-R-win32-x86_64\eclipse\plugins\org.eclipse.m2e.maven.runtime_3.9.500.20231113-2345\jars\jansi-2.4.0.jar
2026-05-28 11:49:14,551 [Worker-25: Launching SequroCMSAccountManagementService_app] INFO  o.eclipse.m2e.core.internal.Bundles - 	Entry: C:\Users\nadka\Downloads\eclipse-dsl-2023-12-R-win32-x86_64\eclipse\plugins\org.eclipse.m2e.maven.runtime_3.9.500.20231113-2345\jars\jcl-over-slf4j-1.7.36.jar
2026-05-28 11:49:14,551 [Worker-25: Launching SequroCMSAccountManagementService_app] INFO  o.eclipse.m2e.core.internal.Bundles - 	Entry: C:\Users\nadka\Downloads\eclipse-dsl-2023-12-R-win32-x86_64\eclipse\plugins\org.eclipse.m2e.maven.runtime_3.9.500.20231113-2345\jars\maven-artifact-3.9.5.jar
2026-05-28 11:49:14,551 [Worker-25: Launching SequroCMSAccountManagementService_app] INFO  o.eclipse.m2e.core.internal.Bundles - 	Entry: C:\Users\nadka\Downloads\eclipse-dsl-2023-12-R-win32-x86_64\eclipse\plugins\org.eclipse.m2e.maven.runtime_3.9.500.20231113-2345\jars\maven-builder-support-3.9.5.jar
2026-05-28 11:49:14,551 [Worker-25: Launching SequroCMSAccountManagementService_app] INFO  o.eclipse.m2e.core.internal.Bundles - 	Entry: C:\Users\nadka\Downloads\eclipse-dsl-2023-12-R-win32-x86_64\eclipse\plugins\org.eclipse.m2e.maven.runtime_3.9.500.20231113-2345\jars\maven-compat-3.9.5.jar
2026-05-28 11:49:14,551 [Worker-25: Launching SequroCMSAccountManagementService_app] INFO  o.eclipse.m2e.core.internal.Bundles - 	Entry: C:\Users\nadka\Downloads\eclipse-dsl-2023-12-R-win32-x86_64\eclipse\plugins\org.eclipse.m2e.maven.runtime_3.9.500.20231113-2345\jars\maven-core-3.9.5.jar
2026-05-28 11:49:14,551 [Worker-25: Launching SequroCMSAccountManagementService_app] INFO  o.eclipse.m2e.core.internal.Bundles - 	Entry: C:\Users\nadka\Downloads\eclipse-dsl-2023-12-R-win32-x86_64\eclipse\plugins\org.eclipse.m2e.maven.runtime_3.9.500.20231113-2345\jars\maven-embedder-3.9.5.jar
2026-05-28 11:49:14,552 [Worker-25: Launching SequroCMSAccountManagementService_app] INFO  o.eclipse.m2e.core.internal.Bundles - 	Entry: C:\Users\nadka\Downloads\eclipse-dsl-2023-12-R-win32-x86_64\eclipse\plugins\org.eclipse.m2e.maven.runtime_3.9.500.20231113-2345\jars\maven-model-3.9.5.jar
2026-05-28 11:49:14,552 [Worker-25: Launching SequroCMSAccountManagementService_app] INFO  o.eclipse.m2e.core.internal.Bundles - 	Entry: C:\Users\nadka\Downloads\eclipse-dsl-2023-12-R-win32-x86_64\eclipse\plugins\org.eclipse.m2e.maven.runtime_3.9.500.20231113-2345\jars\maven-model-builder-3.9.5.jar
2026-05-28 11:49:14,552 [Worker-25: Launching SequroCMSAccountManagementService_app] INFO  o.eclipse.m2e.core.internal.Bundles - 	Entry: C:\Users\nadka\Downloads\eclipse-dsl-2023-12-R-win32-x86_64\eclipse\plugins\org.eclipse.m2e.maven.runtime_3.9.500.20231113-2345\jars\maven-plugin-api-3.9.5.jar
2026-05-28 11:49:14,552 [Worker-25: Launching SequroCMSAccountManagementService_app] INFO  o.eclipse.m2e.core.internal.Bundles - 	Entry: C:\Users\nadka\Downloads\eclipse-dsl-2023-12-R-win32-x86_64\eclipse\plugins\org.eclipse.m2e.maven.runtime_3.9.500.20231113-2345\jars\maven-repository-metadata-3.9.5.jar
2026-05-28 11:49:14,552 [Worker-25: Launching SequroCMSAccountManagementService_app] INFO  o.eclipse.m2e.core.internal.Bundles - 	Entry: C:\Users\nadka\Downloads\eclipse-dsl-2023-12-R-win32-x86_64\eclipse\plugins\org.eclipse.m2e.maven.runtime_3.9.500.20231113-2345\jars\maven-resolver-api-1.9.16.jar
2026-05-28 11:49:14,552 [Worker-25: Launching SequroCMSAccountManagementService_app] INFO  o.eclipse.m2e.core.internal.Bundles - 	Entry: C:\Users\nadka\Downloads\eclipse-dsl-2023-12-R-win32-x86_64\eclipse\plugins\org.eclipse.m2e.maven.runtime_3.9.500.20231113-2345\jars\maven-resolver-connector-basic-1.9.16.jar
2026-05-28 11:49:14,553 [Worker-25: Launching SequroCMSAccountManagementService_app] INFO  o.eclipse.m2e.core.internal.Bundles - 	Entry: C:\Users\nadka\Downloads\eclipse-dsl-2023-12-R-win32-x86_64\eclipse\plugins\org.eclipse.m2e.maven.runtime_3.9.500.20231113-2345\jars\maven-resolver-impl-1.9.16.jar
2026-05-28 11:49:14,553 [Worker-25: Launching SequroCMSAccountManagementService_app] INFO  o.eclipse.m2e.core.internal.Bundles - 	Entry: C:\Users\nadka\Downloads\eclipse-dsl-2023-12-R-win32-x86_64\eclipse\plugins\org.eclipse.m2e.maven.runtime_3.9.500.20231113-2345\jars\maven-resolver-named-locks-1.9.16.jar
2026-05-28 11:49:14,553 [Worker-25: Launching SequroCMSAccountManagementService_app] INFO  o.eclipse.m2e.core.internal.Bundles - 	Entry: C:\Users\nadka\Downloads\eclipse-dsl-2023-12-R-win32-x86_64\eclipse\plugins\org.eclipse.m2e.maven.runtime_3.9.500.20231113-2345\jars\maven-resolver-provider-3.9.5.jar
2026-05-28 11:49:14,553 [Worker-25: Launching SequroCMSAccountManagementService_app] INFO  o.eclipse.m2e.core.internal.Bundles - 	Entry: C:\Users\nadka\Downloads\eclipse-dsl-2023-12-R-win32-x86_64\eclipse\plugins\org.eclipse.m2e.maven.runtime_3.9.500.20231113-2345\jars\maven-resolver-spi-1.9.16.jar
2026-05-28 11:49:14,553 [Worker-25: Launching SequroCMSAccountManagementService_app] INFO  o.eclipse.m2e.core.internal.Bundles - 	Entry: C:\Users\nadka\Downloads\eclipse-dsl-2023-12-R-win32-x86_64\eclipse\plugins\org.eclipse.m2e.maven.runtime_3.9.500.20231113-2345\jars\maven-resolver-transport-file-1.9.16.jar
2026-05-28 11:49:14,553 [Worker-25: Launching SequroCMSAccountManagementService_app] INFO  o.eclipse.m2e.core.internal.Bundles - 	Entry: C:\Users\nadka\Downloads\eclipse-dsl-2023-12-R-win32-x86_64\eclipse\plugins\org.eclipse.m2e.maven.runtime_3.9.500.20231113-2345\jars\maven-resolver-transport-http-1.9.16.jar
2026-05-28 11:49:14,553 [Worker-25: Launching SequroCMSAccountManagementService_app] INFO  o.eclipse.m2e.core.internal.Bundles - 	Entry: C:\Users\nadka\Downloads\eclipse-dsl-2023-12-R-win32-x86_64\eclipse\plugins\org.eclipse.m2e.maven.runtime_3.9.500.20231113-2345\jars\maven-resolver-transport-wagon-1.9.16.jar
2026-05-28 11:49:14,554 [Worker-25: Launching SequroCMSAccountManagementService_app] INFO  o.eclipse.m2e.core.internal.Bundles - 	Entry: C:\Users\nadka\Downloads\eclipse-dsl-2023-12-R-win32-x86_64\eclipse\plugins\org.eclipse.m2e.maven.runtime_3.9.500.20231113-2345\jars\maven-resolver-util-1.9.16.jar
2026-05-28 11:49:14,554 [Worker-25: Launching SequroCMSAccountManagementService_app] INFO  o.eclipse.m2e.core.internal.Bundles - 	Entry: C:\Users\nadka\Downloads\eclipse-dsl-2023-12-R-win32-x86_64\eclipse\plugins\org.eclipse.m2e.maven.runtime_3.9.500.20231113-2345\jars\maven-settings-3.9.5.jar
2026-05-28 11:49:14,554 [Worker-25: Launching SequroCMSAccountManagementService_app] INFO  o.eclipse.m2e.core.internal.Bundles - 	Entry: C:\Users\nadka\Downloads\eclipse-dsl-2023-12-R-win32-x86_64\eclipse\plugins\org.eclipse.m2e.maven.runtime_3.9.500.20231113-2345\jars\maven-settings-builder-3.9.5.jar
2026-05-28 11:49:14,554 [Worker-25: Launching SequroCMSAccountManagementService_app] INFO  o.eclipse.m2e.core.internal.Bundles - 	Entry: C:\Users\nadka\Downloads\eclipse-dsl-2023-12-R-win32-x86_64\eclipse\plugins\org.eclipse.m2e.maven.runtime_3.9.500.20231113-2345\jars\maven-shared-utils-3.3.4.jar
2026-05-28 11:49:14,555 [Worker-25: Launching SequroCMSAccountManagementService_app] INFO  o.eclipse.m2e.core.internal.Bundles - 	Entry: C:\Users\nadka\Downloads\eclipse-dsl-2023-12-R-win32-x86_64\eclipse\plugins\org.eclipse.m2e.maven.runtime_3.9.500.20231113-2345\jars\org.eclipse.sisu.inject-0.3.5.jar
2026-05-28 11:49:14,555 [Worker-25: Launching SequroCMSAccountManagementService_app] INFO  o.eclipse.m2e.core.internal.Bundles - 	Entry: C:\Users\nadka\Downloads\eclipse-dsl-2023-12-R-win32-x86_64\eclipse\plugins\org.eclipse.m2e.maven.runtime_3.9.500.20231113-2345\jars\org.eclipse.sisu.plexus-0.3.5.jar
2026-05-28 11:49:14,555 [Worker-25: Launching SequroCMSAccountManagementService_app] INFO  o.eclipse.m2e.core.internal.Bundles - 	Entry: C:\Users\nadka\Downloads\eclipse-dsl-2023-12-R-win32-x86_64\eclipse\plugins\org.eclipse.m2e.maven.runtime_3.9.500.20231113-2345\jars\plexus-build-api-0.0.7.jar
2026-05-28 11:49:14,555 [Worker-25: Launching SequroCMSAccountManagementService_app] INFO  o.eclipse.m2e.core.internal.Bundles - 	Entry: C:\Users\nadka\Downloads\eclipse-dsl-2023-12-R-win32-x86_64\eclipse\plugins\org.eclipse.m2e.maven.runtime_3.9.500.20231113-2345\jars\plexus-cipher-2.0.jar
2026-05-28 11:49:14,555 [Worker-25: Launching SequroCMSAccountManagementService_app] INFO  o.eclipse.m2e.core.internal.Bundles - 	Entry: C:\Users\nadka\Downloads\eclipse-dsl-2023-12-R-win32-x86_64\eclipse\plugins\org.eclipse.m2e.maven.runtime_3.9.500.20231113-2345\jars\plexus-classworlds-2.7.0.jar
2026-05-28 11:49:14,555 [Worker-25: Launching SequroCMSAccountManagementService_app] INFO  o.eclipse.m2e.core.internal.Bundles - 	Entry: C:\Users\nadka\Downloads\eclipse-dsl-2023-12-R-win32-x86_64\eclipse\plugins\org.eclipse.m2e.maven.runtime_3.9.500.20231113-2345\jars\plexus-component-annotations-2.1.0.jar
2026-05-28 11:49:14,555 [Worker-25: Launching SequroCMSAccountManagementService_app] INFO  o.eclipse.m2e.core.internal.Bundles - 	Entry: C:\Users\nadka\Downloads\eclipse-dsl-2023-12-R-win32-x86_64\eclipse\plugins\org.eclipse.m2e.maven.runtime_3.9.500.20231113-2345\jars\plexus-interpolation-1.26.jar
2026-05-28 11:49:14,556 [Worker-25: Launching SequroCMSAccountManagementService_app] INFO  o.eclipse.m2e.core.internal.Bundles - 	Entry: C:\Users\nadka\Downloads\eclipse-dsl-2023-12-R-win32-x86_64\eclipse\plugins\org.eclipse.m2e.maven.runtime_3.9.500.20231113-2345\jars\plexus-sec-dispatcher-2.0.jar
2026-05-28 11:49:14,556 [Worker-25: Launching SequroCMSAccountManagementService_app] INFO  o.eclipse.m2e.core.internal.Bundles - 	Entry: C:\Users\nadka\Downloads\eclipse-dsl-2023-12-R-win32-x86_64\eclipse\plugins\org.eclipse.m2e.maven.runtime_3.9.500.20231113-2345\jars\plexus-utils-3.5.1.jar
2026-05-28 11:49:14,556 [Worker-25: Launching SequroCMSAccountManagementService_app] INFO  o.eclipse.m2e.core.internal.Bundles - 	Entry: C:\Users\nadka\Downloads\eclipse-dsl-2023-12-R-win32-x86_64\eclipse\plugins\org.eclipse.m2e.maven.runtime_3.9.500.20231113-2345\jars\wagon-file-3.5.3.jar
2026-05-28 11:49:14,556 [Worker-25: Launching SequroCMSAccountManagementService_app] INFO  o.eclipse.m2e.core.internal.Bundles - 	Entry: C:\Users\nadka\Downloads\eclipse-dsl-2023-12-R-win32-x86_64\eclipse\plugins\org.eclipse.m2e.maven.runtime_3.9.500.20231113-2345\jars\wagon-http-3.5.3.jar
2026-05-28 11:49:14,556 [Worker-25: Launching SequroCMSAccountManagementService_app] INFO  o.eclipse.m2e.core.internal.Bundles - 	Entry: C:\Users\nadka\Downloads\eclipse-dsl-2023-12-R-win32-x86_64\eclipse\plugins\org.eclipse.m2e.maven.runtime_3.9.500.20231113-2345\jars\wagon-http-shared-3.5.3.jar
2026-05-28 11:49:14,556 [Worker-25: Launching SequroCMSAccountManagementService_app] INFO  o.eclipse.m2e.core.internal.Bundles - 	Entry: C:\Users\nadka\Downloads\eclipse-dsl-2023-12-R-win32-x86_64\eclipse\plugins\org.eclipse.m2e.maven.runtime_3.9.500.20231113-2345\jars\wagon-provider-api-3.5.3.jar
2026-05-28 11:49:14,558 [Worker-25: Launching SequroCMSAccountManagementService_app] INFO  o.eclipse.m2e.core.internal.Bundles - getClasspathEntries(Bundle=com.google.guava_32.1.3.jre [12])
2026-05-28 11:49:14,559 [Worker-25: Launching SequroCMSAccountManagementService_app] INFO  o.eclipse.m2e.core.internal.Bundles - 	Entry: C:\Users\nadka\Downloads\eclipse-dsl-2023-12-R-win32-x86_64\eclipse\plugins\com.google.guava_32.1.3.jre.jar
2026-05-28 11:49:14,559 [Worker-25: Launching SequroCMSAccountManagementService_app] INFO  o.eclipse.m2e.core.internal.Bundles - getClasspathEntries(Bundle=slf4j.api_2.0.9 [624])
2026-05-28 11:49:14,560 [Worker-25: Launching SequroCMSAccountManagementService_app] INFO  o.eclipse.m2e.core.internal.Bundles - 	Entry: C:\Users\nadka\Downloads\eclipse-dsl-2023-12-R-win32-x86_64\eclipse\plugins\slf4j.api_2.0.9.jar
2026-05-28 11:49:14,560 [Worker-25: Launching SequroCMSAccountManagementService_app] INFO  o.eclipse.m2e.core.internal.Bundles - getClasspathEntries(Bundle=jakarta.inject.jakarta.inject-api_1.0.5 [25])
2026-05-28 11:49:14,560 [Worker-25: Launching SequroCMSAccountManagementService_app] INFO  o.eclipse.m2e.core.internal.Bundles - 	Entry: C:\Users\nadka\Downloads\eclipse-dsl-2023-12-R-win32-x86_64\eclipse\plugins\jakarta.inject.jakarta.inject-api_1.0.5.jar
2026-05-28 11:49:14,560 [Worker-25: Launching SequroCMSAccountManagementService_app] INFO  o.eclipse.m2e.core.internal.Bundles - getClasspathEntries(Bundle=jakarta.annotation-api_1.3.5 [23])
2026-05-28 11:49:14,561 [Worker-25: Launching SequroCMSAccountManagementService_app] INFO  o.eclipse.m2e.core.internal.Bundles - 	Entry: C:\Users\nadka\Downloads\eclipse-dsl-2023-12-R-win32-x86_64\eclipse\plugins\jakarta.annotation-api_1.3.5.jar
2026-05-28 11:49:14,561 [Worker-25: Launching SequroCMSAccountManagementService_app] INFO  o.eclipse.m2e.core.internal.Bundles - getClasspathEntries(Bundle=org.apache.commons.cli_1.6.0 [51])
2026-05-28 11:49:14,561 [Worker-25: Launching SequroCMSAccountManagementService_app] INFO  o.eclipse.m2e.core.internal.Bundles - 	Entry: C:\Users\nadka\Downloads\eclipse-dsl-2023-12-R-win32-x86_64\eclipse\plugins\org.apache.commons.cli_1.6.0.jar
2026-05-28 11:49:14,561 [Worker-25: Launching SequroCMSAccountManagementService_app] INFO  o.eclipse.m2e.core.internal.Bundles - getClasspathEntries(Bundle=org.apache.commons.commons-codec_1.16.0 [52])
2026-05-28 11:49:14,561 [Worker-25: Launching SequroCMSAccountManagementService_app] INFO  o.eclipse.m2e.core.internal.Bundles - 	Entry: C:\Users\nadka\Downloads\eclipse-dsl-2023-12-R-win32-x86_64\eclipse\plugins\org.apache.commons.commons-codec_1.16.0.jar
2026-05-28 11:49:14,562 [Worker-25: Launching SequroCMSAccountManagementService_app] INFO  o.eclipse.m2e.core.internal.Bundles - getClasspathEntries(Bundle=org.apache.commons.lang3_3.13.0 [56])
2026-05-28 11:49:14,562 [Worker-25: Launching SequroCMSAccountManagementService_app] INFO  o.eclipse.m2e.core.internal.Bundles - 	Entry: C:\Users\nadka\Downloads\eclipse-dsl-2023-12-R-win32-x86_64\eclipse\plugins\org.apache.commons.lang3_3.13.0.jar
2026-05-28 11:49:14,562 [Worker-25: Launching SequroCMSAccountManagementService_app] INFO  o.eclipse.m2e.core.internal.Bundles - getClasspathEntries(Bundle=com.google.guava.failureaccess_1.0.2 [13])
2026-05-28 11:49:14,562 [Worker-25: Launching SequroCMSAccountManagementService_app] INFO  o.eclipse.m2e.core.internal.Bundles - 	Entry: C:\Users\nadka\Downloads\eclipse-dsl-2023-12-R-win32-x86_64\eclipse\plugins\com.google.guava.failureaccess_1.0.2.jar
2026-05-28 11:49:14,567 [Worker-25: Launching SequroCMSAccountManagementService_app] INFO  o.e.m.i.launch.MavenLaunchDelegate - Run build in "C:\MULTI-CURRENCY1\MultiCurrencyCodeBackup\SequroCMSAccountManagementService_app":
2026-05-28 11:49:14,571 [Worker-25: Launching SequroCMSAccountManagementService_app] INFO  o.e.m.i.launch.MavenLaunchDelegate -  mvn  -B -Dmaven.test.skip=true -DskipTests -Dstyle.color=always clean install
2026-05-30 19:23:46,509 [Worker-4: Loading available Gradle versions] INFO  o.e.b.c.i.u.g.PublishedGradleVersions - Gradle version information cache is up-to-date. Trying to read.
2026-05-30 19:24:17,505 [Worker-1: Building] WARN  o.e.m.c.i.embedder.EclipseLogger - The artifact mysql:mysql-connector-java:jar:8.0.31 has been relocated to com.mysql:mysql-connector-j:jar:8.0.31: MySQL Connector/J artifacts moved to reverse-DNS compliant Maven 2+ coordinates.
2026-05-30 19:24:17,506 [Worker-1: Building] WARN  o.e.m.c.i.embedder.EclipseLogger - The artifact com.lowagie:itext:jar:4.2.2 has been relocated to com.itextpdf:itextpdf:jar:5.5.6: After release 2.1.7, iText moved from the MPLicense to the AGPLicense.
			The groupId changed from com.lowagie to com.itextpdf and the artifactId from itext to itextpdf.
			See http://itextpdf.com/functionalitycomparison for more information.
2026-05-30 19:24:21,672 [Worker-1: Building] INFO  o.e.m.c.i.embedder.EclipseLogger - Using 'UTF-8' encoding to copy filtered resources.
2026-05-30 19:24:21,672 [Worker-1: Building] INFO  o.e.m.c.i.embedder.EclipseLogger - Using 'UTF-8' encoding to copy filtered properties files.
2026-05-30 19:24:21,677 [Worker-1: Building] INFO  o.e.m.c.i.embedder.EclipseLogger - Copying 1 resource
2026-05-30 19:24:21,711 [Worker-1: Building] INFO  o.e.m.c.i.embedder.EclipseLogger - Copying 1 resource
2026-05-30 19:24:21,724 [Worker-1: Building] INFO  o.e.m.c.i.embedder.EclipseLogger - Using 'UTF-8' encoding to copy filtered resources.
2026-05-30 19:24:21,724 [Worker-1: Building] INFO  o.e.m.c.i.embedder.EclipseLogger - Using 'UTF-8' encoding to copy filtered properties files.
2026-05-30 19:24:21,724 [Worker-1: Building] INFO  o.e.m.c.i.embedder.EclipseLogger - skip non existing resourceDirectory C:\MULTI-CURRENCY1\MultiCurrencyCodeBackup\SequroCMSAccountManagementService_app\src\test\resources
2026-05-30 19:25:13,221 [Worker-23: Building] INFO  o.e.m.c.i.l.LifecycleMappingFactory - Using org.eclipse.m2e.jdt.JarLifecycleMapping lifecycle mapping for MavenProject: ams.cms:AMSCMSAccountManagementService:0.0.1 @ C:\MULTI-CURRENCY1\MultiCurrencyCodeBackup\SequroCMSAccountManagementService_app\pom.xml.
2026-05-30 19:25:14,105 [Worker-23: Building] WARN  o.e.m.c.i.embedder.EclipseLogger - The artifact mysql:mysql-connector-java:jar:8.0.31 has been relocated to com.mysql:mysql-connector-j:jar:8.0.31: MySQL Connector/J artifacts moved to reverse-DNS compliant Maven 2+ coordinates.
2026-05-30 19:25:14,107 [Worker-23: Building] WARN  o.e.m.c.i.embedder.EclipseLogger - The artifact com.lowagie:itext:jar:4.2.2 has been relocated to com.itextpdf:itextpdf:jar:5.5.6: After release 2.1.7, iText moved from the MPLicense to the AGPLicense.
			The groupId changed from com.lowagie to com.itextpdf and the artifactId from itext to itextpdf.
			See http://itextpdf.com/functionalitycomparison for more information.
2026-05-30 19:25:16,899 [Worker-23: Building] INFO  o.e.m.c.i.embedder.EclipseLogger - Using 'UTF-8' encoding to copy filtered resources.
2026-05-30 19:25:16,900 [Worker-23: Building] INFO  o.e.m.c.i.embedder.EclipseLogger - Using 'UTF-8' encoding to copy filtered properties files.
2026-05-30 19:25:16,901 [Worker-23: Building] INFO  o.e.m.c.i.embedder.EclipseLogger - Copying 1 resource
2026-05-30 19:25:16,928 [Worker-23: Building] INFO  o.e.m.c.i.embedder.EclipseLogger - Copying 1 resource
2026-05-30 19:25:16,942 [Worker-23: Building] INFO  o.e.m.c.i.embedder.EclipseLogger - Using 'UTF-8' encoding to copy filtered resources.
2026-05-30 19:25:16,943 [Worker-23: Building] INFO  o.e.m.c.i.embedder.EclipseLogger - Using 'UTF-8' encoding to copy filtered properties files.
2026-05-30 19:25:16,943 [Worker-23: Building] INFO  o.e.m.c.i.embedder.EclipseLogger - skip non existing resourceDirectory C:\MULTI-CURRENCY1\MultiCurrencyCodeBackup\SequroCMSAccountManagementService_app\src\test\resources
2026-05-30 19:26:22,695 [main] INFO  o.e.m2e.actions.ExecutePomAction - Creating new launch configuration
2026-05-30 19:26:36,252 [Worker-14: Launching SequroCMSAccountManagementService_app (1)] INFO  o.eclipse.m2e.core.internal.Bundles - getClasspathEntries(Bundle=org.eclipse.m2e.maven.runtime_3.9.500.20231113-2345 [347])
2026-05-30 19:26:36,254 [Worker-14: Launching SequroCMSAccountManagementService_app (1)] INFO  o.eclipse.m2e.core.internal.Bundles - 	Entry: C:\Users\nadka\Downloads\eclipse-dsl-2023-12-R-win32-x86_64\eclipse\plugins\org.eclipse.m2e.maven.runtime_3.9.500.20231113-2345
2026-05-30 19:26:36,254 [Worker-14: Launching SequroCMSAccountManagementService_app (1)] INFO  o.eclipse.m2e.core.internal.Bundles - 	Entry: C:\Users\nadka\Downloads\eclipse-dsl-2023-12-R-win32-x86_64\eclipse\plugins\org.eclipse.m2e.maven.runtime_3.9.500.20231113-2345\jars\aopalliance-1.0.jar
2026-05-30 19:26:36,255 [Worker-14: Launching SequroCMSAccountManagementService_app (1)] INFO  o.eclipse.m2e.core.internal.Bundles - 	Entry: C:\Users\nadka\Downloads\eclipse-dsl-2023-12-R-win32-x86_64\eclipse\plugins\org.eclipse.m2e.maven.runtime_3.9.500.20231113-2345\jars\guice-5.1.0.jar
2026-05-30 19:26:36,255 [Worker-14: Launching SequroCMSAccountManagementService_app (1)] INFO  o.eclipse.m2e.core.internal.Bundles - 	Entry: C:\Users\nadka\Downloads\eclipse-dsl-2023-12-R-win32-x86_64\eclipse\plugins\org.eclipse.m2e.maven.runtime_3.9.500.20231113-2345\jars\httpclient-4.5.14.jar
2026-05-30 19:26:36,255 [Worker-14: Launching SequroCMSAccountManagementService_app (1)] INFO  o.eclipse.m2e.core.internal.Bundles - 	Entry: C:\Users\nadka\Downloads\eclipse-dsl-2023-12-R-win32-x86_64\eclipse\plugins\org.eclipse.m2e.maven.runtime_3.9.500.20231113-2345\jars\httpcore-4.4.16.jar
2026-05-30 19:26:36,255 [Worker-14: Launching SequroCMSAccountManagementService_app (1)] INFO  o.eclipse.m2e.core.internal.Bundles - 	Entry: C:\Users\nadka\Downloads\eclipse-dsl-2023-12-R-win32-x86_64\eclipse\plugins\org.eclipse.m2e.maven.runtime_3.9.500.20231113-2345\jars\jansi-2.4.0.jar
2026-05-30 19:26:36,255 [Worker-14: Launching SequroCMSAccountManagementService_app (1)] INFO  o.eclipse.m2e.core.internal.Bundles - 	Entry: C:\Users\nadka\Downloads\eclipse-dsl-2023-12-R-win32-x86_64\eclipse\plugins\org.eclipse.m2e.maven.runtime_3.9.500.20231113-2345\jars\jcl-over-slf4j-1.7.36.jar
2026-05-30 19:26:36,256 [Worker-14: Launching SequroCMSAccountManagementService_app (1)] INFO  o.eclipse.m2e.core.internal.Bundles - 	Entry: C:\Users\nadka\Downloads\eclipse-dsl-2023-12-R-win32-x86_64\eclipse\plugins\org.eclipse.m2e.maven.runtime_3.9.500.20231113-2345\jars\maven-artifact-3.9.5.jar
2026-05-30 19:26:36,256 [Worker-14: Launching SequroCMSAccountManagementService_app (1)] INFO  o.eclipse.m2e.core.internal.Bundles - 	Entry: C:\Users\nadka\Downloads\eclipse-dsl-2023-12-R-win32-x86_64\eclipse\plugins\org.eclipse.m2e.maven.runtime_3.9.500.20231113-2345\jars\maven-builder-support-3.9.5.jar
2026-05-30 19:26:36,256 [Worker-14: Launching SequroCMSAccountManagementService_app (1)] INFO  o.eclipse.m2e.core.internal.Bundles - 	Entry: C:\Users\nadka\Downloads\eclipse-dsl-2023-12-R-win32-x86_64\eclipse\plugins\org.eclipse.m2e.maven.runtime_3.9.500.20231113-2345\jars\maven-compat-3.9.5.jar
2026-05-30 19:26:36,256 [Worker-14: Launching SequroCMSAccountManagementService_app (1)] INFO  o.eclipse.m2e.core.internal.Bundles - 	Entry: C:\Users\nadka\Downloads\eclipse-dsl-2023-12-R-win32-x86_64\eclipse\plugins\org.eclipse.m2e.maven.runtime_3.9.500.20231113-2345\jars\maven-core-3.9.5.jar
2026-05-30 19:26:36,256 [Worker-14: Launching SequroCMSAccountManagementService_app (1)] INFO  o.eclipse.m2e.core.internal.Bundles - 	Entry: C:\Users\nadka\Downloads\eclipse-dsl-2023-12-R-win32-x86_64\eclipse\plugins\org.eclipse.m2e.maven.runtime_3.9.500.20231113-2345\jars\maven-embedder-3.9.5.jar
2026-05-30 19:26:36,256 [Worker-14: Launching SequroCMSAccountManagementService_app (1)] INFO  o.eclipse.m2e.core.internal.Bundles - 	Entry: C:\Users\nadka\Downloads\eclipse-dsl-2023-12-R-win32-x86_64\eclipse\plugins\org.eclipse.m2e.maven.runtime_3.9.500.20231113-2345\jars\maven-model-3.9.5.jar
2026-05-30 19:26:36,257 [Worker-14: Launching SequroCMSAccountManagementService_app (1)] INFO  o.eclipse.m2e.core.internal.Bundles - 	Entry: C:\Users\nadka\Downloads\eclipse-dsl-2023-12-R-win32-x86_64\eclipse\plugins\org.eclipse.m2e.maven.runtime_3.9.500.20231113-2345\jars\maven-model-builder-3.9.5.jar
2026-05-30 19:26:36,257 [Worker-14: Launching SequroCMSAccountManagementService_app (1)] INFO  o.eclipse.m2e.core.internal.Bundles - 	Entry: C:\Users\nadka\Downloads\eclipse-dsl-2023-12-R-win32-x86_64\eclipse\plugins\org.eclipse.m2e.maven.runtime_3.9.500.20231113-2345\jars\maven-plugin-api-3.9.5.jar
2026-05-30 19:26:36,257 [Worker-14: Launching SequroCMSAccountManagementService_app (1)] INFO  o.eclipse.m2e.core.internal.Bundles - 	Entry: C:\Users\nadka\Downloads\eclipse-dsl-2023-12-R-win32-x86_64\eclipse\plugins\org.eclipse.m2e.maven.runtime_3.9.500.20231113-2345\jars\maven-repository-metadata-3.9.5.jar
2026-05-30 19:26:36,257 [Worker-14: Launching SequroCMSAccountManagementService_app (1)] INFO  o.eclipse.m2e.core.internal.Bundles - 	Entry: C:\Users\nadka\Downloads\eclipse-dsl-2023-12-R-win32-x86_64\eclipse\plugins\org.eclipse.m2e.maven.runtime_3.9.500.20231113-2345\jars\maven-resolver-api-1.9.16.jar
2026-05-30 19:26:36,258 [Worker-14: Launching SequroCMSAccountManagementService_app (1)] INFO  o.eclipse.m2e.core.internal.Bundles - 	Entry: C:\Users\nadka\Downloads\eclipse-dsl-2023-12-R-win32-x86_64\eclipse\plugins\org.eclipse.m2e.maven.runtime_3.9.500.20231113-2345\jars\maven-resolver-connector-basic-1.9.16.jar
2026-05-30 19:26:36,258 [Worker-14: Launching SequroCMSAccountManagementService_app (1)] INFO  o.eclipse.m2e.core.internal.Bundles - 	Entry: C:\Users\nadka\Downloads\eclipse-dsl-2023-12-R-win32-x86_64\eclipse\plugins\org.eclipse.m2e.maven.runtime_3.9.500.20231113-2345\jars\maven-resolver-impl-1.9.16.jar
2026-05-30 19:26:36,258 [Worker-14: Launching SequroCMSAccountManagementService_app (1)] INFO  o.eclipse.m2e.core.internal.Bundles - 	Entry: C:\Users\nadka\Downloads\eclipse-dsl-2023-12-R-win32-x86_64\eclipse\plugins\org.eclipse.m2e.maven.runtime_3.9.500.20231113-2345\jars\maven-resolver-named-locks-1.9.16.jar
2026-05-30 19:26:36,258 [Worker-14: Launching SequroCMSAccountManagementService_app (1)] INFO  o.eclipse.m2e.core.internal.Bundles - 	Entry: C:\Users\nadka\Downloads\eclipse-dsl-2023-12-R-win32-x86_64\eclipse\plugins\org.eclipse.m2e.maven.runtime_3.9.500.20231113-2345\jars\maven-resolver-provider-3.9.5.jar
2026-05-30 19:26:36,258 [Worker-14: Launching SequroCMSAccountManagementService_app (1)] INFO  o.eclipse.m2e.core.internal.Bundles - 	Entry: C:\Users\nadka\Downloads\eclipse-dsl-2023-12-R-win32-x86_64\eclipse\plugins\org.eclipse.m2e.maven.runtime_3.9.500.20231113-2345\jars\maven-resolver-spi-1.9.16.jar
2026-05-30 19:26:36,258 [Worker-14: Launching SequroCMSAccountManagementService_app (1)] INFO  o.eclipse.m2e.core.internal.Bundles - 	Entry: C:\Users\nadka\Downloads\eclipse-dsl-2023-12-R-win32-x86_64\eclipse\plugins\org.eclipse.m2e.maven.runtime_3.9.500.20231113-2345\jars\maven-resolver-transport-file-1.9.16.jar
2026-05-30 19:26:36,258 [Worker-14: Launching SequroCMSAccountManagementService_app (1)] INFO  o.eclipse.m2e.core.internal.Bundles - 	Entry: C:\Users\nadka\Downloads\eclipse-dsl-2023-12-R-win32-x86_64\eclipse\plugins\org.eclipse.m2e.maven.runtime_3.9.500.20231113-2345\jars\maven-resolver-transport-http-1.9.16.jar
2026-05-30 19:26:36,259 [Worker-14: Launching SequroCMSAccountManagementService_app (1)] INFO  o.eclipse.m2e.core.internal.Bundles - 	Entry: C:\Users\nadka\Downloads\eclipse-dsl-2023-12-R-win32-x86_64\eclipse\plugins\org.eclipse.m2e.maven.runtime_3.9.500.20231113-2345\jars\maven-resolver-transport-wagon-1.9.16.jar
2026-05-30 19:26:36,259 [Worker-14: Launching SequroCMSAccountManagementService_app (1)] INFO  o.eclipse.m2e.core.internal.Bundles - 	Entry: C:\Users\nadka\Downloads\eclipse-dsl-2023-12-R-win32-x86_64\eclipse\plugins\org.eclipse.m2e.maven.runtime_3.9.500.20231113-2345\jars\maven-resolver-util-1.9.16.jar
2026-05-30 19:26:36,259 [Worker-14: Launching SequroCMSAccountManagementService_app (1)] INFO  o.eclipse.m2e.core.internal.Bundles - 	Entry: C:\Users\nadka\Downloads\eclipse-dsl-2023-12-R-win32-x86_64\eclipse\plugins\org.eclipse.m2e.maven.runtime_3.9.500.20231113-2345\jars\maven-settings-3.9.5.jar
2026-05-30 19:26:36,259 [Worker-14: Launching SequroCMSAccountManagementService_app (1)] INFO  o.eclipse.m2e.core.internal.Bundles - 	Entry: C:\Users\nadka\Downloads\eclipse-dsl-2023-12-R-win32-x86_64\eclipse\plugins\org.eclipse.m2e.maven.runtime_3.9.500.20231113-2345\jars\maven-settings-builder-3.9.5.jar
2026-05-30 19:26:36,259 [Worker-14: Launching SequroCMSAccountManagementService_app (1)] INFO  o.eclipse.m2e.core.internal.Bundles - 	Entry: C:\Users\nadka\Downloads\eclipse-dsl-2023-12-R-win32-x86_64\eclipse\plugins\org.eclipse.m2e.maven.runtime_3.9.500.20231113-2345\jars\maven-shared-utils-3.3.4.jar
2026-05-30 19:26:36,259 [Worker-14: Launching SequroCMSAccountManagementService_app (1)] INFO  o.eclipse.m2e.core.internal.Bundles - 	Entry: C:\Users\nadka\Downloads\eclipse-dsl-2023-12-R-win32-x86_64\eclipse\plugins\org.eclipse.m2e.maven.runtime_3.9.500.20231113-2345\jars\org.eclipse.sisu.inject-0.3.5.jar
2026-05-30 19:26:36,259 [Worker-14: Launching SequroCMSAccountManagementService_app (1)] INFO  o.eclipse.m2e.core.internal.Bundles - 	Entry: C:\Users\nadka\Downloads\eclipse-dsl-2023-12-R-win32-x86_64\eclipse\plugins\org.eclipse.m2e.maven.runtime_3.9.500.20231113-2345\jars\org.eclipse.sisu.plexus-0.3.5.jar
2026-05-30 19:26:36,260 [Worker-14: Launching SequroCMSAccountManagementService_app (1)] INFO  o.eclipse.m2e.core.internal.Bundles - 	Entry: C:\Users\nadka\Downloads\eclipse-dsl-2023-12-R-win32-x86_64\eclipse\plugins\org.eclipse.m2e.maven.runtime_3.9.500.20231113-2345\jars\plexus-build-api-0.0.7.jar
2026-05-30 19:26:36,260 [Worker-14: Launching SequroCMSAccountManagementService_app (1)] INFO  o.eclipse.m2e.core.internal.Bundles - 	Entry: C:\Users\nadka\Downloads\eclipse-dsl-2023-12-R-win32-x86_64\eclipse\plugins\org.eclipse.m2e.maven.runtime_3.9.500.20231113-2345\jars\plexus-cipher-2.0.jar
2026-05-30 19:26:36,260 [Worker-14: Launching SequroCMSAccountManagementService_app (1)] INFO  o.eclipse.m2e.core.internal.Bundles - 	Entry: C:\Users\nadka\Downloads\eclipse-dsl-2023-12-R-win32-x86_64\eclipse\plugins\org.eclipse.m2e.maven.runtime_3.9.500.20231113-2345\jars\plexus-classworlds-2.7.0.jar
2026-05-30 19:26:36,260 [Worker-14: Launching SequroCMSAccountManagementService_app (1)] INFO  o.eclipse.m2e.core.internal.Bundles - 	Entry: C:\Users\nadka\Downloads\eclipse-dsl-2023-12-R-win32-x86_64\eclipse\plugins\org.eclipse.m2e.maven.runtime_3.9.500.20231113-2345\jars\plexus-component-annotations-2.1.0.jar
2026-05-30 19:26:36,260 [Worker-14: Launching SequroCMSAccountManagementService_app (1)] INFO  o.eclipse.m2e.core.internal.Bundles - 	Entry: C:\Users\nadka\Downloads\eclipse-dsl-2023-12-R-win32-x86_64\eclipse\plugins\org.eclipse.m2e.maven.runtime_3.9.500.20231113-2345\jars\plexus-interpolation-1.26.jar
2026-05-30 19:26:36,260 [Worker-14: Launching SequroCMSAccountManagementService_app (1)] INFO  o.eclipse.m2e.core.internal.Bundles - 	Entry: C:\Users\nadka\Downloads\eclipse-dsl-2023-12-R-win32-x86_64\eclipse\plugins\org.eclipse.m2e.maven.runtime_3.9.500.20231113-2345\jars\plexus-sec-dispatcher-2.0.jar
2026-05-30 19:26:36,260 [Worker-14: Launching SequroCMSAccountManagementService_app (1)] INFO  o.eclipse.m2e.core.internal.Bundles - 	Entry: C:\Users\nadka\Downloads\eclipse-dsl-2023-12-R-win32-x86_64\eclipse\plugins\org.eclipse.m2e.maven.runtime_3.9.500.20231113-2345\jars\plexus-utils-3.5.1.jar
2026-05-30 19:26:36,260 [Worker-14: Launching SequroCMSAccountManagementService_app (1)] INFO  o.eclipse.m2e.core.internal.Bundles - 	Entry: C:\Users\nadka\Downloads\eclipse-dsl-2023-12-R-win32-x86_64\eclipse\plugins\org.eclipse.m2e.maven.runtime_3.9.500.20231113-2345\jars\wagon-file-3.5.3.jar
2026-05-30 19:26:36,260 [Worker-14: Launching SequroCMSAccountManagementService_app (1)] INFO  o.eclipse.m2e.core.internal.Bundles - 	Entry: C:\Users\nadka\Downloads\eclipse-dsl-2023-12-R-win32-x86_64\eclipse\plugins\org.eclipse.m2e.maven.runtime_3.9.500.20231113-2345\jars\wagon-http-3.5.3.jar
2026-05-30 19:26:36,261 [Worker-14: Launching SequroCMSAccountManagementService_app (1)] INFO  o.eclipse.m2e.core.internal.Bundles - 	Entry: C:\Users\nadka\Downloads\eclipse-dsl-2023-12-R-win32-x86_64\eclipse\plugins\org.eclipse.m2e.maven.runtime_3.9.500.20231113-2345\jars\wagon-http-shared-3.5.3.jar
2026-05-30 19:26:36,261 [Worker-14: Launching SequroCMSAccountManagementService_app (1)] INFO  o.eclipse.m2e.core.internal.Bundles - 	Entry: C:\Users\nadka\Downloads\eclipse-dsl-2023-12-R-win32-x86_64\eclipse\plugins\org.eclipse.m2e.maven.runtime_3.9.500.20231113-2345\jars\wagon-provider-api-3.5.3.jar
2026-05-30 19:26:36,264 [Worker-14: Launching SequroCMSAccountManagementService_app (1)] INFO  o.eclipse.m2e.core.internal.Bundles - getClasspathEntries(Bundle=com.google.guava_32.1.3.jre [12])
2026-05-30 19:26:36,265 [Worker-14: Launching SequroCMSAccountManagementService_app (1)] INFO  o.eclipse.m2e.core.internal.Bundles - 	Entry: C:\Users\nadka\Downloads\eclipse-dsl-2023-12-R-win32-x86_64\eclipse\plugins\com.google.guava_32.1.3.jre.jar
2026-05-30 19:26:36,265 [Worker-14: Launching SequroCMSAccountManagementService_app (1)] INFO  o.eclipse.m2e.core.internal.Bundles - getClasspathEntries(Bundle=slf4j.api_2.0.9 [624])
2026-05-30 19:26:36,266 [Worker-14: Launching SequroCMSAccountManagementService_app (1)] INFO  o.eclipse.m2e.core.internal.Bundles - 	Entry: C:\Users\nadka\Downloads\eclipse-dsl-2023-12-R-win32-x86_64\eclipse\plugins\slf4j.api_2.0.9.jar
2026-05-30 19:26:36,266 [Worker-14: Launching SequroCMSAccountManagementService_app (1)] INFO  o.eclipse.m2e.core.internal.Bundles - getClasspathEntries(Bundle=jakarta.inject.jakarta.inject-api_1.0.5 [25])
2026-05-30 19:26:36,266 [Worker-14: Launching SequroCMSAccountManagementService_app (1)] INFO  o.eclipse.m2e.core.internal.Bundles - 	Entry: C:\Users\nadka\Downloads\eclipse-dsl-2023-12-R-win32-x86_64\eclipse\plugins\jakarta.inject.jakarta.inject-api_1.0.5.jar
2026-05-30 19:26:36,266 [Worker-14: Launching SequroCMSAccountManagementService_app (1)] INFO  o.eclipse.m2e.core.internal.Bundles - getClasspathEntries(Bundle=jakarta.annotation-api_1.3.5 [23])
2026-05-30 19:26:36,266 [Worker-14: Launching SequroCMSAccountManagementService_app (1)] INFO  o.eclipse.m2e.core.internal.Bundles - 	Entry: C:\Users\nadka\Downloads\eclipse-dsl-2023-12-R-win32-x86_64\eclipse\plugins\jakarta.annotation-api_1.3.5.jar
2026-05-30 19:26:36,266 [Worker-14: Launching SequroCMSAccountManagementService_app (1)] INFO  o.eclipse.m2e.core.internal.Bundles - getClasspathEntries(Bundle=org.apache.commons.cli_1.6.0 [51])
2026-05-30 19:26:36,266 [Worker-14: Launching SequroCMSAccountManagementService_app (1)] INFO  o.eclipse.m2e.core.internal.Bundles - 	Entry: C:\Users\nadka\Downloads\eclipse-dsl-2023-12-R-win32-x86_64\eclipse\plugins\org.apache.commons.cli_1.6.0.jar
2026-05-30 19:26:36,266 [Worker-14: Launching SequroCMSAccountManagementService_app (1)] INFO  o.eclipse.m2e.core.internal.Bundles - getClasspathEntries(Bundle=org.apache.commons.commons-codec_1.16.0 [52])
2026-05-30 19:26:36,266 [Worker-14: Launching SequroCMSAccountManagementService_app (1)] INFO  o.eclipse.m2e.core.internal.Bundles - 	Entry: C:\Users\nadka\Downloads\eclipse-dsl-2023-12-R-win32-x86_64\eclipse\plugins\org.apache.commons.commons-codec_1.16.0.jar
2026-05-30 19:26:36,266 [Worker-14: Launching SequroCMSAccountManagementService_app (1)] INFO  o.eclipse.m2e.core.internal.Bundles - getClasspathEntries(Bundle=org.apache.commons.lang3_3.13.0 [56])
2026-05-30 19:26:36,267 [Worker-14: Launching SequroCMSAccountManagementService_app (1)] INFO  o.eclipse.m2e.core.internal.Bundles - 	Entry: C:\Users\nadka\Downloads\eclipse-dsl-2023-12-R-win32-x86_64\eclipse\plugins\org.apache.commons.lang3_3.13.0.jar
2026-05-30 19:26:36,267 [Worker-14: Launching SequroCMSAccountManagementService_app (1)] INFO  o.eclipse.m2e.core.internal.Bundles - getClasspathEntries(Bundle=com.google.guava.failureaccess_1.0.2 [13])
2026-05-30 19:26:36,267 [Worker-14: Launching SequroCMSAccountManagementService_app (1)] INFO  o.eclipse.m2e.core.internal.Bundles - 	Entry: C:\Users\nadka\Downloads\eclipse-dsl-2023-12-R-win32-x86_64\eclipse\plugins\com.google.guava.failureaccess_1.0.2.jar
2026-05-30 19:26:36,272 [Worker-14: Launching SequroCMSAccountManagementService_app (1)] INFO  o.e.m.i.launch.MavenLaunchDelegate - Run build in "C:\MULTI-CURRENCY1\MultiCurrencyCodeBackup\SequroCMSAccountManagementService_app":
2026-05-30 19:26:36,280 [Worker-14: Launching SequroCMSAccountManagementService_app (1)] INFO  o.e.m.i.launch.MavenLaunchDelegate -  mvn  -B -Dmaven.test.skip=true -DskipTests -Dstyle.color=always clean install
2026-06-02 17:58:34,641 [Worker-2: Loading available Gradle versions] INFO  o.e.b.c.i.u.g.PublishedGradleVersions - Gradle version information cache is up-to-date. Trying to read.
2026-06-02 17:59:12,571 [Worker-11: Building] WARN  o.e.m.c.i.embedder.EclipseLogger - The artifact mysql:mysql-connector-java:jar:8.0.31 has been relocated to com.mysql:mysql-connector-j:jar:8.0.31: MySQL Connector/J artifacts moved to reverse-DNS compliant Maven 2+ coordinates.
2026-06-02 17:59:12,574 [Worker-11: Building] WARN  o.e.m.c.i.embedder.EclipseLogger - The artifact com.lowagie:itext:jar:4.2.2 has been relocated to com.itextpdf:itextpdf:jar:5.5.6: After release 2.1.7, iText moved from the MPLicense to the AGPLicense.
			The groupId changed from com.lowagie to com.itextpdf and the artifactId from itext to itextpdf.
			See http://itextpdf.com/functionalitycomparison for more information.
2026-06-02 17:59:13,081 [Worker-11: Building] INFO  o.e.m.c.i.embedder.EclipseLogger - Using 'UTF-8' encoding to copy filtered resources.
2026-06-02 17:59:13,081 [Worker-11: Building] INFO  o.e.m.c.i.embedder.EclipseLogger - Using 'UTF-8' encoding to copy filtered properties files.
2026-06-02 17:59:13,088 [Worker-11: Building] INFO  o.e.m.c.i.embedder.EclipseLogger - Copying 1 resource
2026-06-02 17:59:13,124 [Worker-11: Building] INFO  o.e.m.c.i.embedder.EclipseLogger - Copying 1 resource
2026-06-02 17:59:13,132 [Worker-11: Building] INFO  o.e.m.c.i.embedder.EclipseLogger - Using 'UTF-8' encoding to copy filtered resources.
2026-06-02 17:59:13,133 [Worker-11: Building] INFO  o.e.m.c.i.embedder.EclipseLogger - Using 'UTF-8' encoding to copy filtered properties files.
2026-06-02 17:59:13,133 [Worker-11: Building] INFO  o.e.m.c.i.embedder.EclipseLogger - skip non existing resourceDirectory C:\MULTI-CURRENCY1\MultiCurrencyCodeBackup\SequroCMSAccountManagementService_app\src\test\resources
2026-06-02 18:04:08,469 [Worker-25: Importing Maven projects] INFO  o.e.m.c.i.l.LifecycleMappingFactory - Using org.eclipse.m2e.jdt.JarLifecycleMapping lifecycle mapping for MavenProject: ams.cms:AMSCMSAccountManagementService:0.0.1 @ C:\MULTI-CURRENCY1\MultiCurrencyCodeBackup\CMSAccountManagementService_app\pom.xml.
2026-06-02 18:04:09,333 [Worker-25: Importing Maven projects] WARN  o.e.m.c.i.embedder.EclipseLogger - The artifact mysql:mysql-connector-java:jar:8.0.31 has been relocated to com.mysql:mysql-connector-j:jar:8.0.31: MySQL Connector/J artifacts moved to reverse-DNS compliant Maven 2+ coordinates.
2026-06-02 18:04:09,335 [Worker-25: Importing Maven projects] WARN  o.e.m.c.i.embedder.EclipseLogger - The artifact com.lowagie:itext:jar:4.2.2 has been relocated to com.itextpdf:itextpdf:jar:5.5.6: After release 2.1.7, iText moved from the MPLicense to the AGPLicense.
			The groupId changed from com.lowagie to com.itextpdf and the artifactId from itext to itextpdf.
			See http://itextpdf.com/functionalitycomparison for more information.
2026-06-02 18:04:11,276 [Worker-25: Importing Maven projects] INFO  o.e.m.j.i.AbstractJavaProjectConfigurator - Adding source folder /AMSCMSAccountManagementService/src/main/java
2026-06-02 18:04:11,277 [Worker-25: Importing Maven projects] INFO  o.e.m.j.i.AbstractJavaProjectConfigurator - Adding resource folder /AMSCMSAccountManagementService/src/main/resources
2026-06-02 18:04:11,277 [Worker-25: Importing Maven projects] INFO  o.e.m.j.i.AbstractJavaProjectConfigurator - Adding resource folder /AMSCMSAccountManagementService/src/main/resources
2026-06-02 18:04:11,278 [Worker-25: Importing Maven projects] INFO  o.e.m.j.i.AbstractJavaProjectConfigurator - Adding source folder /AMSCMSAccountManagementService/src/test/java
2026-06-02 18:04:11,279 [Worker-25: Importing Maven projects] INFO  o.e.m.j.i.AbstractJavaProjectConfigurator - Adding resource folder /AMSCMSAccountManagementService/src/test/resources
2026-06-02 18:04:11,499 [Worker-25: Importing Maven projects] INFO  o.e.m.c.i.p.ProjectConfigurationManager - Imported and configured 1 project(s) in 5 sec
2026-06-02 18:04:26,186 [Worker-29: Updating Maven Project] INFO  o.e.m.c.i.p.ProjectConfigurationManager - Update started
2026-06-02 18:04:27,013 [Worker-29: Updating Maven Project] INFO  o.e.m.c.i.l.LifecycleMappingFactory - Using org.eclipse.m2e.jdt.JarLifecycleMapping lifecycle mapping for MavenProject: ams.cms:AMSCMSAccountManagementService:0.0.1 @ C:\MULTI-CURRENCY1\MultiCurrencyCodeBackup\CMSAccountManagementService_app\pom.xml.
2026-06-02 18:04:27,589 [Worker-29: Updating Maven Project] WARN  o.e.m.c.i.embedder.EclipseLogger - The artifact mysql:mysql-connector-java:jar:8.0.31 has been relocated to com.mysql:mysql-connector-j:jar:8.0.31: MySQL Connector/J artifacts moved to reverse-DNS compliant Maven 2+ coordinates.
2026-06-02 18:04:27,590 [Worker-29: Updating Maven Project] WARN  o.e.m.c.i.embedder.EclipseLogger - The artifact com.lowagie:itext:jar:4.2.2 has been relocated to com.itextpdf:itextpdf:jar:5.5.6: After release 2.1.7, iText moved from the MPLicense to the AGPLicense.
			The groupId changed from com.lowagie to com.itextpdf and the artifactId from itext to itextpdf.
			See http://itextpdf.com/functionalitycomparison for more information.
2026-06-02 18:04:28,523 [Worker-29: Updating Maven Project] INFO  o.e.m.j.i.AbstractJavaProjectConfigurator - Adding source folder /AMSCMSAccountManagementService/src/main/java
2026-06-02 18:04:28,523 [Worker-29: Updating Maven Project] INFO  o.e.m.j.i.AbstractJavaProjectConfigurator - Adding resource folder /AMSCMSAccountManagementService/src/main/resources
2026-06-02 18:04:28,523 [Worker-29: Updating Maven Project] INFO  o.e.m.j.i.AbstractJavaProjectConfigurator - Adding resource folder /AMSCMSAccountManagementService/src/main/resources
2026-06-02 18:04:28,524 [Worker-29: Updating Maven Project] INFO  o.e.m.j.i.AbstractJavaProjectConfigurator - Adding source folder /AMSCMSAccountManagementService/src/test/java
2026-06-02 18:04:28,524 [Worker-29: Updating Maven Project] INFO  o.e.m.j.i.AbstractJavaProjectConfigurator - Adding resource folder /AMSCMSAccountManagementService/src/test/resources
2026-06-02 18:04:31,110 [Worker-29: Updating Maven Project] INFO  o.e.m.c.i.p.ProjectConfigurationManager - Update completed for 1 poms: local refresh takes 0.00 sec, refresh facades takes 1.00 sec, update config takes 0.00 sec 
2026-06-02 18:04:38,579 [Worker-28: Building] INFO  o.e.m.c.i.embedder.EclipseLogger - Using 'UTF-8' encoding to copy filtered resources.
2026-06-02 18:04:38,580 [Worker-28: Building] INFO  o.e.m.c.i.embedder.EclipseLogger - Using 'UTF-8' encoding to copy filtered properties files.
2026-06-02 18:04:38,581 [Worker-28: Building] INFO  o.e.m.c.i.embedder.EclipseLogger - Copying 1 resource
2026-06-02 18:04:38,610 [Worker-28: Building] INFO  o.e.m.c.i.embedder.EclipseLogger - Copying 1 resource
2026-06-02 18:04:38,624 [Worker-28: Building] INFO  o.e.m.c.i.embedder.EclipseLogger - Using 'UTF-8' encoding to copy filtered resources.
2026-06-02 18:04:38,624 [Worker-28: Building] INFO  o.e.m.c.i.embedder.EclipseLogger - Using 'UTF-8' encoding to copy filtered properties files.
2026-06-02 18:04:38,624 [Worker-28: Building] INFO  o.e.m.c.i.embedder.EclipseLogger - skip non existing resourceDirectory C:\MULTI-CURRENCY1\MultiCurrencyCodeBackup\CMSAccountManagementService_app\src\test\resources
2026-06-02 18:23:37,359 [main] INFO  o.e.m2e.actions.ExecutePomAction - Creating new launch configuration
2026-06-02 18:23:48,658 [Worker-14: Launching CMSAccountManagementService_app] INFO  o.eclipse.m2e.core.internal.Bundles - getClasspathEntries(Bundle=org.eclipse.m2e.maven.runtime_3.9.500.20231113-2345 [347])
2026-06-02 18:23:48,666 [Worker-14: Launching CMSAccountManagementService_app] INFO  o.eclipse.m2e.core.internal.Bundles - 	Entry: C:\Users\nadka\Downloads\eclipse-dsl-2023-12-R-win32-x86_64\eclipse\plugins\org.eclipse.m2e.maven.runtime_3.9.500.20231113-2345
2026-06-02 18:23:48,668 [Worker-14: Launching CMSAccountManagementService_app] INFO  o.eclipse.m2e.core.internal.Bundles - 	Entry: C:\Users\nadka\Downloads\eclipse-dsl-2023-12-R-win32-x86_64\eclipse\plugins\org.eclipse.m2e.maven.runtime_3.9.500.20231113-2345\jars\aopalliance-1.0.jar
2026-06-02 18:23:48,668 [Worker-14: Launching CMSAccountManagementService_app] INFO  o.eclipse.m2e.core.internal.Bundles - 	Entry: C:\Users\nadka\Downloads\eclipse-dsl-2023-12-R-win32-x86_64\eclipse\plugins\org.eclipse.m2e.maven.runtime_3.9.500.20231113-2345\jars\guice-5.1.0.jar
2026-06-02 18:23:48,668 [Worker-14: Launching CMSAccountManagementService_app] INFO  o.eclipse.m2e.core.internal.Bundles - 	Entry: C:\Users\nadka\Downloads\eclipse-dsl-2023-12-R-win32-x86_64\eclipse\plugins\org.eclipse.m2e.maven.runtime_3.9.500.20231113-2345\jars\httpclient-4.5.14.jar
2026-06-02 18:23:48,670 [Worker-14: Launching CMSAccountManagementService_app] INFO  o.eclipse.m2e.core.internal.Bundles - 	Entry: C:\Users\nadka\Downloads\eclipse-dsl-2023-12-R-win32-x86_64\eclipse\plugins\org.eclipse.m2e.maven.runtime_3.9.500.20231113-2345\jars\httpcore-4.4.16.jar
2026-06-02 18:23:48,670 [Worker-14: Launching CMSAccountManagementService_app] INFO  o.eclipse.m2e.core.internal.Bundles - 	Entry: C:\Users\nadka\Downloads\eclipse-dsl-2023-12-R-win32-x86_64\eclipse\plugins\org.eclipse.m2e.maven.runtime_3.9.500.20231113-2345\jars\jansi-2.4.0.jar
2026-06-02 18:23:48,670 [Worker-14: Launching CMSAccountManagementService_app] INFO  o.eclipse.m2e.core.internal.Bundles - 	Entry: C:\Users\nadka\Downloads\eclipse-dsl-2023-12-R-win32-x86_64\eclipse\plugins\org.eclipse.m2e.maven.runtime_3.9.500.20231113-2345\jars\jcl-over-slf4j-1.7.36.jar
2026-06-02 18:23:48,670 [Worker-14: Launching CMSAccountManagementService_app] INFO  o.eclipse.m2e.core.internal.Bundles - 	Entry: C:\Users\nadka\Downloads\eclipse-dsl-2023-12-R-win32-x86_64\eclipse\plugins\org.eclipse.m2e.maven.runtime_3.9.500.20231113-2345\jars\maven-artifact-3.9.5.jar
2026-06-02 18:23:48,670 [Worker-14: Launching CMSAccountManagementService_app] INFO  o.eclipse.m2e.core.internal.Bundles - 	Entry: C:\Users\nadka\Downloads\eclipse-dsl-2023-12-R-win32-x86_64\eclipse\plugins\org.eclipse.m2e.maven.runtime_3.9.500.20231113-2345\jars\maven-builder-support-3.9.5.jar
2026-06-02 18:23:48,671 [Worker-14: Launching CMSAccountManagementService_app] INFO  o.eclipse.m2e.core.internal.Bundles - 	Entry: C:\Users\nadka\Downloads\eclipse-dsl-2023-12-R-win32-x86_64\eclipse\plugins\org.eclipse.m2e.maven.runtime_3.9.500.20231113-2345\jars\maven-compat-3.9.5.jar
2026-06-02 18:23:48,671 [Worker-14: Launching CMSAccountManagementService_app] INFO  o.eclipse.m2e.core.internal.Bundles - 	Entry: C:\Users\nadka\Downloads\eclipse-dsl-2023-12-R-win32-x86_64\eclipse\plugins\org.eclipse.m2e.maven.runtime_3.9.500.20231113-2345\jars\maven-core-3.9.5.jar
2026-06-02 18:23:48,671 [Worker-14: Launching CMSAccountManagementService_app] INFO  o.eclipse.m2e.core.internal.Bundles - 	Entry: C:\Users\nadka\Downloads\eclipse-dsl-2023-12-R-win32-x86_64\eclipse\plugins\org.eclipse.m2e.maven.runtime_3.9.500.20231113-2345\jars\maven-embedder-3.9.5.jar
2026-06-02 18:23:48,672 [Worker-14: Launching CMSAccountManagementService_app] INFO  o.eclipse.m2e.core.internal.Bundles - 	Entry: C:\Users\nadka\Downloads\eclipse-dsl-2023-12-R-win32-x86_64\eclipse\plugins\org.eclipse.m2e.maven.runtime_3.9.500.20231113-2345\jars\maven-model-3.9.5.jar
2026-06-02 18:23:48,672 [Worker-14: Launching CMSAccountManagementService_app] INFO  o.eclipse.m2e.core.internal.Bundles - 	Entry: C:\Users\nadka\Downloads\eclipse-dsl-2023-12-R-win32-x86_64\eclipse\plugins\org.eclipse.m2e.maven.runtime_3.9.500.20231113-2345\jars\maven-model-builder-3.9.5.jar
2026-06-02 18:23:48,673 [Worker-14: Launching CMSAccountManagementService_app] INFO  o.eclipse.m2e.core.internal.Bundles - 	Entry: C:\Users\nadka\Downloads\eclipse-dsl-2023-12-R-win32-x86_64\eclipse\plugins\org.eclipse.m2e.maven.runtime_3.9.500.20231113-2345\jars\maven-plugin-api-3.9.5.jar
2026-06-02 18:23:48,673 [Worker-14: Launching CMSAccountManagementService_app] INFO  o.eclipse.m2e.core.internal.Bundles - 	Entry: C:\Users\nadka\Downloads\eclipse-dsl-2023-12-R-win32-x86_64\eclipse\plugins\org.eclipse.m2e.maven.runtime_3.9.500.20231113-2345\jars\maven-repository-metadata-3.9.5.jar
2026-06-02 18:23:48,673 [Worker-14: Launching CMSAccountManagementService_app] INFO  o.eclipse.m2e.core.internal.Bundles - 	Entry: C:\Users\nadka\Downloads\eclipse-dsl-2023-12-R-win32-x86_64\eclipse\plugins\org.eclipse.m2e.maven.runtime_3.9.500.20231113-2345\jars\maven-resolver-api-1.9.16.jar
2026-06-02 18:23:48,674 [Worker-14: Launching CMSAccountManagementService_app] INFO  o.eclipse.m2e.core.internal.Bundles - 	Entry: C:\Users\nadka\Downloads\eclipse-dsl-2023-12-R-win32-x86_64\eclipse\plugins\org.eclipse.m2e.maven.runtime_3.9.500.20231113-2345\jars\maven-resolver-connector-basic-1.9.16.jar
2026-06-02 18:23:48,674 [Worker-14: Launching CMSAccountManagementService_app] INFO  o.eclipse.m2e.core.internal.Bundles - 	Entry: C:\Users\nadka\Downloads\eclipse-dsl-2023-12-R-win32-x86_64\eclipse\plugins\org.eclipse.m2e.maven.runtime_3.9.500.20231113-2345\jars\maven-resolver-impl-1.9.16.jar
2026-06-02 18:23:48,674 [Worker-14: Launching CMSAccountManagementService_app] INFO  o.eclipse.m2e.core.internal.Bundles - 	Entry: C:\Users\nadka\Downloads\eclipse-dsl-2023-12-R-win32-x86_64\eclipse\plugins\org.eclipse.m2e.maven.runtime_3.9.500.20231113-2345\jars\maven-resolver-named-locks-1.9.16.jar
2026-06-02 18:23:48,675 [Worker-14: Launching CMSAccountManagementService_app] INFO  o.eclipse.m2e.core.internal.Bundles - 	Entry: C:\Users\nadka\Downloads\eclipse-dsl-2023-12-R-win32-x86_64\eclipse\plugins\org.eclipse.m2e.maven.runtime_3.9.500.20231113-2345\jars\maven-resolver-provider-3.9.5.jar
2026-06-02 18:23:48,676 [Worker-14: Launching CMSAccountManagementService_app] INFO  o.eclipse.m2e.core.internal.Bundles - 	Entry: C:\Users\nadka\Downloads\eclipse-dsl-2023-12-R-win32-x86_64\eclipse\plugins\org.eclipse.m2e.maven.runtime_3.9.500.20231113-2345\jars\maven-resolver-spi-1.9.16.jar
2026-06-02 18:23:48,676 [Worker-14: Launching CMSAccountManagementService_app] INFO  o.eclipse.m2e.core.internal.Bundles - 	Entry: C:\Users\nadka\Downloads\eclipse-dsl-2023-12-R-win32-x86_64\eclipse\plugins\org.eclipse.m2e.maven.runtime_3.9.500.20231113-2345\jars\maven-resolver-transport-file-1.9.16.jar
2026-06-02 18:23:48,676 [Worker-14: Launching CMSAccountManagementService_app] INFO  o.eclipse.m2e.core.internal.Bundles - 	Entry: C:\Users\nadka\Downloads\eclipse-dsl-2023-12-R-win32-x86_64\eclipse\plugins\org.eclipse.m2e.maven.runtime_3.9.500.20231113-2345\jars\maven-resolver-transport-http-1.9.16.jar
2026-06-02 18:23:48,676 [Worker-14: Launching CMSAccountManagementService_app] INFO  o.eclipse.m2e.core.internal.Bundles - 	Entry: C:\Users\nadka\Downloads\eclipse-dsl-2023-12-R-win32-x86_64\eclipse\plugins\org.eclipse.m2e.maven.runtime_3.9.500.20231113-2345\jars\maven-resolver-transport-wagon-1.9.16.jar
2026-06-02 18:23:48,677 [Worker-14: Launching CMSAccountManagementService_app] INFO  o.eclipse.m2e.core.internal.Bundles - 	Entry: C:\Users\nadka\Downloads\eclipse-dsl-2023-12-R-win32-x86_64\eclipse\plugins\org.eclipse.m2e.maven.runtime_3.9.500.20231113-2345\jars\maven-resolver-util-1.9.16.jar
2026-06-02 18:23:48,678 [Worker-14: Launching CMSAccountManagementService_app] INFO  o.eclipse.m2e.core.internal.Bundles - 	Entry: C:\Users\nadka\Downloads\eclipse-dsl-2023-12-R-win32-x86_64\eclipse\plugins\org.eclipse.m2e.maven.runtime_3.9.500.20231113-2345\jars\maven-settings-3.9.5.jar
2026-06-02 18:23:48,678 [Worker-14: Launching CMSAccountManagementService_app] INFO  o.eclipse.m2e.core.internal.Bundles - 	Entry: C:\Users\nadka\Downloads\eclipse-dsl-2023-12-R-win32-x86_64\eclipse\plugins\org.eclipse.m2e.maven.runtime_3.9.500.20231113-2345\jars\maven-settings-builder-3.9.5.jar
2026-06-02 18:23:48,678 [Worker-14: Launching CMSAccountManagementService_app] INFO  o.eclipse.m2e.core.internal.Bundles - 	Entry: C:\Users\nadka\Downloads\eclipse-dsl-2023-12-R-win32-x86_64\eclipse\plugins\org.eclipse.m2e.maven.runtime_3.9.500.20231113-2345\jars\maven-shared-utils-3.3.4.jar
2026-06-02 18:23:48,679 [Worker-14: Launching CMSAccountManagementService_app] INFO  o.eclipse.m2e.core.internal.Bundles - 	Entry: C:\Users\nadka\Downloads\eclipse-dsl-2023-12-R-win32-x86_64\eclipse\plugins\org.eclipse.m2e.maven.runtime_3.9.500.20231113-2345\jars\org.eclipse.sisu.inject-0.3.5.jar
2026-06-02 18:23:48,680 [Worker-14: Launching CMSAccountManagementService_app] INFO  o.eclipse.m2e.core.internal.Bundles - 	Entry: C:\Users\nadka\Downloads\eclipse-dsl-2023-12-R-win32-x86_64\eclipse\plugins\org.eclipse.m2e.maven.runtime_3.9.500.20231113-2345\jars\org.eclipse.sisu.plexus-0.3.5.jar
2026-06-02 18:23:48,680 [Worker-14: Launching CMSAccountManagementService_app] INFO  o.eclipse.m2e.core.internal.Bundles - 	Entry: C:\Users\nadka\Downloads\eclipse-dsl-2023-12-R-win32-x86_64\eclipse\plugins\org.eclipse.m2e.maven.runtime_3.9.500.20231113-2345\jars\plexus-build-api-0.0.7.jar
2026-06-02 18:23:48,681 [Worker-14: Launching CMSAccountManagementService_app] INFO  o.eclipse.m2e.core.internal.Bundles - 	Entry: C:\Users\nadka\Downloads\eclipse-dsl-2023-12-R-win32-x86_64\eclipse\plugins\org.eclipse.m2e.maven.runtime_3.9.500.20231113-2345\jars\plexus-cipher-2.0.jar
2026-06-02 18:23:48,681 [Worker-14: Launching CMSAccountManagementService_app] INFO  o.eclipse.m2e.core.internal.Bundles - 	Entry: C:\Users\nadka\Downloads\eclipse-dsl-2023-12-R-win32-x86_64\eclipse\plugins\org.eclipse.m2e.maven.runtime_3.9.500.20231113-2345\jars\plexus-classworlds-2.7.0.jar
2026-06-02 18:23:48,681 [Worker-14: Launching CMSAccountManagementService_app] INFO  o.eclipse.m2e.core.internal.Bundles - 	Entry: C:\Users\nadka\Downloads\eclipse-dsl-2023-12-R-win32-x86_64\eclipse\plugins\org.eclipse.m2e.maven.runtime_3.9.500.20231113-2345\jars\plexus-component-annotations-2.1.0.jar
2026-06-02 18:23:48,681 [Worker-14: Launching CMSAccountManagementService_app] INFO  o.eclipse.m2e.core.internal.Bundles - 	Entry: C:\Users\nadka\Downloads\eclipse-dsl-2023-12-R-win32-x86_64\eclipse\plugins\org.eclipse.m2e.maven.runtime_3.9.500.20231113-2345\jars\plexus-interpolation-1.26.jar
2026-06-02 18:23:48,681 [Worker-14: Launching CMSAccountManagementService_app] INFO  o.eclipse.m2e.core.internal.Bundles - 	Entry: C:\Users\nadka\Downloads\eclipse-dsl-2023-12-R-win32-x86_64\eclipse\plugins\org.eclipse.m2e.maven.runtime_3.9.500.20231113-2345\jars\plexus-sec-dispatcher-2.0.jar
2026-06-02 18:23:48,682 [Worker-14: Launching CMSAccountManagementService_app] INFO  o.eclipse.m2e.core.internal.Bundles - 	Entry: C:\Users\nadka\Downloads\eclipse-dsl-2023-12-R-win32-x86_64\eclipse\plugins\org.eclipse.m2e.maven.runtime_3.9.500.20231113-2345\jars\plexus-utils-3.5.1.jar
2026-06-02 18:23:48,682 [Worker-14: Launching CMSAccountManagementService_app] INFO  o.eclipse.m2e.core.internal.Bundles - 	Entry: C:\Users\nadka\Downloads\eclipse-dsl-2023-12-R-win32-x86_64\eclipse\plugins\org.eclipse.m2e.maven.runtime_3.9.500.20231113-2345\jars\wagon-file-3.5.3.jar
2026-06-02 18:23:48,682 [Worker-14: Launching CMSAccountManagementService_app] INFO  o.eclipse.m2e.core.internal.Bundles - 	Entry: C:\Users\nadka\Downloads\eclipse-dsl-2023-12-R-win32-x86_64\eclipse\plugins\org.eclipse.m2e.maven.runtime_3.9.500.20231113-2345\jars\wagon-http-3.5.3.jar
2026-06-02 18:23:48,682 [Worker-14: Launching CMSAccountManagementService_app] INFO  o.eclipse.m2e.core.internal.Bundles - 	Entry: C:\Users\nadka\Downloads\eclipse-dsl-2023-12-R-win32-x86_64\eclipse\plugins\org.eclipse.m2e.maven.runtime_3.9.500.20231113-2345\jars\wagon-http-shared-3.5.3.jar
2026-06-02 18:23:48,683 [Worker-14: Launching CMSAccountManagementService_app] INFO  o.eclipse.m2e.core.internal.Bundles - 	Entry: C:\Users\nadka\Downloads\eclipse-dsl-2023-12-R-win32-x86_64\eclipse\plugins\org.eclipse.m2e.maven.runtime_3.9.500.20231113-2345\jars\wagon-provider-api-3.5.3.jar
2026-06-02 18:23:48,686 [Worker-14: Launching CMSAccountManagementService_app] INFO  o.eclipse.m2e.core.internal.Bundles - getClasspathEntries(Bundle=com.google.guava_32.1.3.jre [12])
2026-06-02 18:23:48,688 [Worker-14: Launching CMSAccountManagementService_app] INFO  o.eclipse.m2e.core.internal.Bundles - 	Entry: C:\Users\nadka\Downloads\eclipse-dsl-2023-12-R-win32-x86_64\eclipse\plugins\com.google.guava_32.1.3.jre.jar
2026-06-02 18:23:48,688 [Worker-14: Launching CMSAccountManagementService_app] INFO  o.eclipse.m2e.core.internal.Bundles - getClasspathEntries(Bundle=slf4j.api_2.0.9 [624])
2026-06-02 18:23:48,690 [Worker-14: Launching CMSAccountManagementService_app] INFO  o.eclipse.m2e.core.internal.Bundles - 	Entry: C:\Users\nadka\Downloads\eclipse-dsl-2023-12-R-win32-x86_64\eclipse\plugins\slf4j.api_2.0.9.jar
2026-06-02 18:23:48,690 [Worker-14: Launching CMSAccountManagementService_app] INFO  o.eclipse.m2e.core.internal.Bundles - getClasspathEntries(Bundle=jakarta.inject.jakarta.inject-api_1.0.5 [25])
2026-06-02 18:23:48,691 [Worker-14: Launching CMSAccountManagementService_app] INFO  o.eclipse.m2e.core.internal.Bundles - 	Entry: C:\Users\nadka\Downloads\eclipse-dsl-2023-12-R-win32-x86_64\eclipse\plugins\jakarta.inject.jakarta.inject-api_1.0.5.jar
2026-06-02 18:23:48,691 [Worker-14: Launching CMSAccountManagementService_app] INFO  o.eclipse.m2e.core.internal.Bundles - getClasspathEntries(Bundle=jakarta.annotation-api_1.3.5 [23])
2026-06-02 18:23:48,692 [Worker-14: Launching CMSAccountManagementService_app] INFO  o.eclipse.m2e.core.internal.Bundles - 	Entry: C:\Users\nadka\Downloads\eclipse-dsl-2023-12-R-win32-x86_64\eclipse\plugins\jakarta.annotation-api_1.3.5.jar
2026-06-02 18:23:48,693 [Worker-14: Launching CMSAccountManagementService_app] INFO  o.eclipse.m2e.core.internal.Bundles - getClasspathEntries(Bundle=org.apache.commons.cli_1.6.0 [51])
2026-06-02 18:23:48,694 [Worker-14: Launching CMSAccountManagementService_app] INFO  o.eclipse.m2e.core.internal.Bundles - 	Entry: C:\Users\nadka\Downloads\eclipse-dsl-2023-12-R-win32-x86_64\eclipse\plugins\org.apache.commons.cli_1.6.0.jar
2026-06-02 18:23:48,694 [Worker-14: Launching CMSAccountManagementService_app] INFO  o.eclipse.m2e.core.internal.Bundles - getClasspathEntries(Bundle=org.apache.commons.commons-codec_1.16.0 [52])
2026-06-02 18:23:48,696 [Worker-14: Launching CMSAccountManagementService_app] INFO  o.eclipse.m2e.core.internal.Bundles - 	Entry: C:\Users\nadka\Downloads\eclipse-dsl-2023-12-R-win32-x86_64\eclipse\plugins\org.apache.commons.commons-codec_1.16.0.jar
2026-06-02 18:23:48,697 [Worker-14: Launching CMSAccountManagementService_app] INFO  o.eclipse.m2e.core.internal.Bundles - getClasspathEntries(Bundle=org.apache.commons.lang3_3.13.0 [56])
2026-06-02 18:23:48,698 [Worker-14: Launching CMSAccountManagementService_app] INFO  o.eclipse.m2e.core.internal.Bundles - 	Entry: C:\Users\nadka\Downloads\eclipse-dsl-2023-12-R-win32-x86_64\eclipse\plugins\org.apache.commons.lang3_3.13.0.jar
2026-06-02 18:23:48,698 [Worker-14: Launching CMSAccountManagementService_app] INFO  o.eclipse.m2e.core.internal.Bundles - getClasspathEntries(Bundle=com.google.guava.failureaccess_1.0.2 [13])
2026-06-02 18:23:48,699 [Worker-14: Launching CMSAccountManagementService_app] INFO  o.eclipse.m2e.core.internal.Bundles - 	Entry: C:\Users\nadka\Downloads\eclipse-dsl-2023-12-R-win32-x86_64\eclipse\plugins\com.google.guava.failureaccess_1.0.2.jar
2026-06-02 18:23:48,707 [Worker-14: Launching CMSAccountManagementService_app] INFO  o.e.m.i.launch.MavenLaunchDelegate - Run build in "C:\MULTI-CURRENCY1\MultiCurrencyCodeBackup\CMSAccountManagementService_app":
2026-06-02 18:23:48,713 [Worker-14: Launching CMSAccountManagementService_app] INFO  o.e.m.i.launch.MavenLaunchDelegate -  mvn  -B -Dmaven.test.skip=true -DskipTests -Dstyle.color=always clean install
